,ImageName,LReference,aReference,bReference,LSample,aSample,bSample,Dilution Factor
0,IMG_1,159.4910536779324,148.92172546118638,196.1951546534745,192.42917496236586,124.90234545719419,140.3429320642937,10
1,IMG_2,157.42036155162052,149.6593924823154,195.4135651209025,189.95817719774303,123.94413576258776,141.1177154671146,10
2,IMG_3,159.7966576215704,148.62157040099927,196.18968859025713,192.413360899341,124.27225739759659,140.49687728819399,10
3,IMG_4,158.6736926248475,147.54453279481677,195.6372586141613,190.80281690140845,123.99078261618642,141.53223930740407,10
4,IMG_5,159.09672262190247,152.37018806007825,195.7970465732677,192.039626136021,124.19171296894517,141.25330576732566,10
5,IMG_6,159.20131263410323,152.82851613446084,196.07745382641255,186.99116496276662,123.03487736126888,151.5234969918802,9
6,IMG_7,152.90101757631822,153.53940355050437,193.50852385357473,185.83259984370503,122.7556862583803,150.8838070168223,9
7,IMG_8,159.71120214968502,152.25545130170477,196.0735650411876,187.18960244648318,122.71103071025541,152.94081922729035,9
8,IMG_9,150.6045989163473,150.2242191973922,193.08920311880533,184.34664254640995,121.70121032002412,153.567816686049,9
9,IMG_10,154.18072561333756,150.71775177337008,194.44824470248045,184.34517810225265,121.35891803419908,155.86949218245252,9
10,IMG_11,156.72494194587935,151.944031088574,193.8230889531302,187.40432837843943,122.20010843536801,145.11909817918945,8
11,IMG_12,155.5018736270836,154.1390360511694,193.49213938062627,187.06198330111462,123.22296713692263,145.29782420927077,8
12,IMG_13,150.84321975125988,153.500809098895,193.47501040270006,184.5152930287349,121.9976439900711,145.38419790483402,8
13,IMG_14,150.9143422104422,154.29016786570745,192.3955151668139,180.93747298093928,122.62204755354686,144.13444684613873,8
14,IMG_15,152.41730825865622,153.68635617821533,193.81564222306366,188.5179944885452,122.14469625303336,146.88393040760087,8
15,IMG_16,153.52003107852184,155.3745447482154,193.38702471713688,186.40685275579355,119.3996493057201,162.07421449220416,7
16,IMG_17,154.3131443894771,154.2093023255814,193.97873225761708,176.65195365842914,120.80485441169992,160.6113387075459,7
17,IMG_18,154.22633334993276,156.45296548976646,194.18066829341168,180.98985092021562,120.6186082649444,162.25984557859468,7
18,IMG_19,156.21303355509153,153.458116835818,194.48399941727772,178.4102262859478,120.00311590131277,161.65173417786178,7
19,IMG_20,153.7134732951045,152.6421970522724,194.37149898109095,177.4959954504526,119.62821667219563,163.46718165015875,7
20,IMG_21,158.59490353770389,153.82266299191252,195.30212804409706,175.33468953719543,121.03162420823894,172.7664709417911,6
21,IMG_22,148.8519580193259,155.41629294003423,192.08696657265708,175.2686208331407,120.50561745804244,174.06426556937444,6
22,IMG_23,150.89517084498365,156.02037818112885,192.7396805838586,174.84964630819732,121.29945905959592,175.09048037357252,6
23,IMG_24,150.9017627349099,156.99689214781722,192.83712912154616,177.95879456015905,121.0725161523517,174.40333438756608,6
24,IMG_25,152.61715342936435,155.15259239681072,193.37764856173737,174.86231448518194,121.33482823986314,174.09903370474825,6
25,IMG_26,156.31069115897978,154.87419056429232,194.57900533016166,176.4790978370997,123.18096119113696,183.6140258138408,5
26,IMG_27,153.65126380239678,157.64603066617823,193.65492699774975,174.64673074050097,122.40316717294955,182.75937453314077,5
27,IMG_28,160.00614467085347,153.23173541770208,195.48032349884787,174.63588307052817,122.12031807707947,181.79627705236524,5
28,IMG_29,155.50829141975,154.64678053881778,194.22125392161746,179.75814878172824,122.78755374728374,184.25465809792408,5
29,IMG_30,157.98404919321283,153.51047205141245,194.88797447870914,176.79476628600491,122.13800915437606,183.04563317767813,5
30,IMG_31,155.45254057053032,153.68412779139118,193.9504369134033,172.5958820958578,124.98965667945419,190.25207594813773,4
31,IMG_32,160.8764621572888,153.4292847565768,195.8931064774146,180.74607838491067,125.11326477418132,192.98957395384105,4
32,IMG_33,152.2336716359928,154.89379886369156,193.1123197202933,169.8573053409791,126.19425619638879,190.727595848538,4
33,IMG_34,158.53421065410578,153.41441266449763,195.37119409508085,174.26169068811276,125.64428681154837,191.70862512989655,4
34,IMG_35,158.61750627932327,155.03980853987963,195.28055542391357,172.13939618105323,124.95589255166675,190.4779231587221,4
35,IMG_36,158.45505448593704,156.13171383038292,195.48356807511738,165.13387184988852,133.06369641129203,194.1505322058143,3
36,IMG_37,154.42325938643654,156.89775448425428,194.14141779243664,170.24090724257894,131.97804183797948,196.16866217864728,3
37,IMG_38,157.41141823383398,153.41512053515083,194.819176237957,168.28272386613259,132.4811991213335,195.1025541628979,3
38,IMG_39,153.90993573443063,157.93934069998613,193.88261130889083,163.77854130136012,132.99848348419505,193.70489550258281,3
39,IMG_40,156.15572549808815,155.47055745622862,194.67735962970417,169.7721875628899,130.74791708593278,195.56369490843227,3
40,IMG_41,163.02928888314597,154.89382779859585,196.91893870870481,164.13955291381316,138.94202524012576,195.6494379118749,2
41,IMG_42,157.36586838398068,155.4130408532904,194.97548802575972,163.1466705054909,138.61991527166538,195.43030477522314,2
42,IMG_43,145.57595727268813,151.9897488908989,191.6207089632597,158.47473600067315,133.8187134502924,194.52008919180446,2
43,IMG_44,152.7366317472338,154.67112625688924,193.17964575707856,163.7200123342584,138.1491564248271,195.35505043830668,2
44,IMG_45,144.3868879744787,151.98802533635396,191.22682509593602,156.65193608131972,134.00137830038335,193.92669164836113,2
45,IMG_46,158.2057980867285,154.1467003350653,194.80274850677415,155.84435817540992,146.00633396332432,193.54502732798693,1
46,IMG_47,163.46676357869697,152.17950751068236,196.4263248315052,164.62166535669704,144.99875167599058,196.48444218410467,1
47,IMG_48,161.0715131984266,152.53310269655466,195.81048291550164,162.60443377432702,144.8929866680288,196.04770904632989,1
48,IMG_49,157.6378866605157,153.38576215218762,194.71179527023745,162.07175937453314,146.08007569344156,195.8602659230118,1
49,IMG_50,155.60333633477086,154.37012463864272,194.26709634614474,156.39798418789587,146.6558324471774,194.05372416662814,1
50,IMG_51,110.35266653250152,151.8577178506742,178.09273495673173,145.93764652654957,124.93793443836631,140.07399333689796,10
51,IMG_52,109.28867194695155,150.16249769755018,177.5986001105176,141.30638150555833,124.63976612686079,139.89371850598147,10
52,IMG_53,110.5837391829342,150.92747031595894,178.0429060173073,142.90404507949285,124.64938619440531,140.65610786878648,10
53,IMG_54,111.51109743431934,150.30949724968266,178.37373543101128,140.73389709285203,124.35373806218183,141.83747738651184,10
54,IMG_55,108.21275910646006,150.80470919702154,177.26818273294427,140.19533105252566,124.84234252364661,140.1113704970819,10
55,IMG_56,108.54036770583534,151.42302999705498,177.46619546468088,137.1611072265866,123.17069057705754,154.762390490684,9
56,IMG_57,108.37790299859127,151.42414972831557,177.37089957737976,138.2538657018564,122.71016927251583,152.6411681095749,9
57,IMG_58,105.41106040753625,151.2850042922333,176.2627750417928,136.933316504691,123.4639656695696,153.83916025074677,9
58,IMG_59,107.25003467566692,151.26806602246984,177.0337972166998,141.32142706887123,122.74778072279018,151.38604905549244,9
59,IMG_60,112.29992140182163,150.99329603772713,178.71330158583385,142.36018614738174,123.09081462070212,151.36334884561515,9
60,IMG_61,105.52189190438763,152.3779647695224,176.31092514679366,137.49594009003323,124.73414952248727,144.81332828474063,8
61,IMG_62,106.82031355893913,152.0454524917544,176.92075181855148,138.38127750586105,125.37194093694731,143.84119606794718,8
62,IMG_63,104.06599329869373,152.5370271451464,176.10095663575,136.89713322091063,124.6090157528894,146.02315633611647,8
63,IMG_64,108.41698645337279,151.82195200887696,177.42979333302512,140.64495843562906,124.84554421329199,144.88439505534737,8
64,IMG_65,104.07265169656169,151.90362806668776,175.81611168842903,134.93164491536373,124.73751992074773,145.54490244217598,8
65,IMG_66,110.45655616284415,151.7374980844869,178.02462072840578,133.25698052736368,124.18273199630943,161.0813383188462,7
66,IMG_67,108.08356460067839,150.87996123518786,176.8111536936699,131.55161975330952,123.8683413906836,159.7648307956445,7
67,IMG_68,104.831382899258,152.97037000149396,176.10064239828694,131.39789583432065,124.57760295720583,159.3591298990569,7
68,IMG_69,105.60511350501642,152.04267418743353,176.34120856257803,128.89273934848416,124.53517372249583,159.42131658609316,7
69,IMG_70,105.86461418928762,152.32316806681882,176.46035060457436,137.91469751050468,123.45122667510053,161.31261012967062,7
70,IMG_71,108.94163759314296,151.9555498126373,177.51686264375243,128.61630695443645,125.58618368463124,169.84955193739745,6
71,IMG_72,106.23361987414141,152.36124706946902,176.5604820466417,132.9609746512085,124.9051680094321,171.27054431125958,6
72,IMG_73,104.30827271495053,152.9942167803732,176.01355442100032,127.82954316763936,125.53399074260415,170.4505131817267,6
73,IMG_74,108.69902394017384,152.83474967221872,177.5859758170252,136.1654993172107,124.86626139817629,170.96546407647241,6
74,IMG_75,107.58712839243609,152.06976744186048,177.169309723057,131.59609783161497,125.054602616857,171.07716491747192,6
75,IMG_76,108.7123228668648,151.36313907912304,177.50842055390447,129.84152079804252,126.0729531338227,177.99766610201394,5
76,IMG_77,111.85150293789151,154.07415141067352,178.8700529306075,136.59917301977,126.75815135461085,179.9177326958694,5
77,IMG_78,110.66186813638794,150.32982355118662,177.96828856990086,127.5058610619833,126.4894912186896,175.97865339530293,5
78,IMG_79,106.02918718655401,151.9316857181584,176.4773415262278,130.11462861099358,126.59049121052429,177.19148363272686,5
79,IMG_80,113.36637152548346,150.66534513898065,179.06598828245453,134.22767799457293,126.56467243829952,178.6745057500969,5
80,IMG_81,109.4647372362451,151.6152151887582,177.75794017884675,128.2530607093273,129.95128108039884,181.3404855063318,4
81,IMG_82,117.23597963734275,150.72459926795406,180.48617947747064,137.99850901368995,128.49713098088827,183.77160800614467,4
82,IMG_83,109.69199837346947,152.1195951746261,177.7419690055573,129.7432613620602,130.24527255074207,181.83008923204957,4
83,IMG_84,110.79816122458651,152.8374958532771,178.32135917729016,127.16263600722435,130.16316461829877,180.92440861636052,4
84,IMG_85,111.83761472344972,151.21774389355608,178.41970572524644,129.8824700251173,130.09037486375053,182.5301170560637,4
85,IMG_86,110.033082243073,152.840888066605,177.93321880093387,119.99398132789915,135.4665181744941,179.90924600729824,3
86,IMG_87,98.63243862357453,154.3452019321747,173.99432299188288,114.07494567478848,136.68366544916546,178.14878172823524,3
87,IMG_88,109.26677238888155,151.34544733712173,177.62508259548036,121.27003215717369,135.6063169023391,180.44271177481167,3
88,IMG_89,103.28642349278472,154.54802473810426,175.7810593630359,115.84846482533808,136.13713052288446,178.6039381525043,3
89,IMG_90,103.20396934564748,152.2741206523875,175.5241108272745,115.75560474944656,134.79219158784463,178.4874220165023,3
90,IMG_91,108.07404057371754,152.52814747814102,177.25158289184648,110.22448350292939,140.4835910312321,177.0392053213515,2
91,IMG_92,104.57571834072009,152.34330959613564,176.0861012897764,110.38071189239062,139.14636041373282,176.98344097508863,2
92,IMG_93,102.80433677007721,152.26709510379584,175.39377687364188,113.32797180680431,138.94447205530204,178.03772647178423,2
93,IMG_94,104.67153215487417,151.9505710629828,176.08359793374723,115.19919326726756,139.94616801952094,178.7797918430357,2
94,IMG_95,102.13072058164434,152.00866490712613,175.09232607937852,112.21352731215832,138.78471061311166,177.56847241675325,2
95,IMG_96,99.68153168096299,152.79323254822046,174.32439220890006,99.08515094243245,146.2910047504725,173.62747101190172,1
96,IMG_97,104.10841925193027,151.69281982523464,175.85917055804705,108.8227553052008,146.28320303015587,177.0910503569174,1
97,IMG_98,105.71699744547062,151.0511298879937,176.37858125368442,107.7722680619843,145.47619239283557,176.6679814852083,1
98,IMG_99,109.78820688267257,150.64037029583417,177.68303481585832,111.02523646608975,145.5266250754679,177.7048903199839,1
99,IMG_100,105.71193571458623,151.8468172830157,176.34683831881864,104.43658883717352,146.16882717236604,175.3850828941801,1
100,IMG_101,120.04472817794908,143.08463823978158,182.51850959608126,140.60081907973984,124.36368746486791,140.14622982413877,10
101,IMG_102,122.14619155061075,143.01260406130865,183.26242900490158,138.9356781498434,124.5548060708263,143.089697261704,10
102,IMG_103,118.82654837907305,142.93839648453692,182.0839897189288,139.91916284136,123.61479810161052,140.8583988173967,10
103,IMG_104,118.85030732124795,143.4826888664125,182.1430016338598,142.18408153738426,123.75772193262273,139.70777250447367,10
104,IMG_105,122.34430799367136,142.70428689821443,183.2725834400663,143.1733594515181,123.95193249453779,140.1667294507647,10
105,IMG_106,119.24392670591162,143.43528728961115,182.3368709062267,142.83840348556757,121.7110402240722,149.50813039757256,9
106,IMG_107,117.68675627086722,140.12156493450902,181.53796763975686,139.5303042865434,118.25594892629135,148.40195672000664,9
107,IMG_108,119.70676106745506,141.54461993308956,182.36225005835215,138.41157449631044,119.20951828206617,149.73119973468204,9
108,IMG_109,119.9794319294809,138.48557221426958,182.14209297069237,139.30787761985064,117.12519071709629,143.28274311410905,9
109,IMG_110,120.62683690676946,141.85336866618485,182.623223319682,139.10032335627227,119.67042533786585,146.70342426001162,9
110,IMG_111,120.26335370714855,144.78997253964036,182.7885552307556,140.9621755691381,124.14731154220922,146.10647532996722,8
111,IMG_112,118.2901292697543,143.4159746597038,181.97628627685987,139.74120366406984,123.43968838284394,144.21376594469652,8
112,IMG_113,118.72060844863924,144.38064693484836,182.29606890864108,140.57683417515625,123.60208886225494,145.94974745312902,8
113,IMG_114,116.5972340627072,143.50127877237853,181.44254996684666,137.24398596010616,123.36503723996233,143.0552178751819,8
114,IMG_115,119.28369834142765,143.99844222486942,182.4344359937689,140.9353065151654,122.95509942270687,144.13341885824246,8
115,IMG_116,121.58694304189919,143.68323146425723,183.1042607848348,135.63154036470266,121.86694767708238,159.75029780995143,7
116,IMG_117,120.19921194905159,142.2430129203702,182.4991294786035,134.62754570427205,120.38135834043763,157.4286255565028,7
117,IMG_118,118.58785639859809,142.6136212939282,182.0191342237378,136.81178365065833,119.45903192194753,156.50279435445677,7
118,IMG_119,118.95651057272494,143.0868076363325,182.1642838798048,134.45766629569385,121.39919527437719,157.34072425306053,7
119,IMG_120,117.97177228379275,142.75949606895898,181.80600549398503,139.56831302116743,119.34041968294694,158.17327957481902,7
120,IMG_121,117.52413854194349,143.1931083355479,181.65143059615556,129.45210170362125,120.8497560140399,168.95514082698398,6
121,IMG_122,122.44431127471962,142.751904802671,183.3564763290814,141.26538823730846,119.65910452872185,170.2921838883657,6
122,IMG_123,119.14075968551671,143.69868333806951,182.3298285497774,135.6150234741784,120.30755602799185,170.69527858977767,6
123,IMG_124,118.58132045088567,144.76489533011272,182.22781093113574,138.0228284550535,120.28028796059486,170.85639859808657,6
124,IMG_125,120.98116599606197,143.5401078674771,182.8720143823303,136.0950482770839,120.46753476835858,170.95783506067855,6
125,IMG_126,116.55393416797943,140.81693060276925,181.23704502114254,131.2611933909768,117.9375053505693,177.2174471363753,5
126,IMG_127,114.03949418125171,142.41024466232932,180.5323009255017,129.6505085677632,117.54219737927242,175.91395583249334,5
127,IMG_128,127.98512835085725,142.39793501941838,185.1419910959553,136.6913772564831,121.17575368826171,179.6793732245945,5
128,IMG_129,118.91427488869944,142.93899782135077,182.1505162451454,135.32135984605517,121.12480527810868,179.04306790066892,5
129,IMG_130,120.28720669927867,141.99146007793715,182.50965923223615,133.2975772622207,119.6174985018406,178.61176269155038,5
130,IMG_131,118.75695574009075,142.8152555431898,182.0250834688811,131.45836344655908,123.36738135389064,183.9824138761744,4
131,IMG_132,126.5139717722838,141.30785260964288,184.53291654826182,139.11490882433796,121.26793732245945,185.84385595161734,4
132,IMG_133,119.69249208115744,143.2815683588734,182.3964557828953,133.44510751160368,123.62328312967699,184.78412427773043,4
133,IMG_134,120.37348908075165,143.33763331640426,182.68379888268157,130.30406365444728,123.03201667140286,183.7901866060434,4
134,IMG_135,122.72274320356162,142.67244482333996,183.43866628777116,134.4063960414185,123.66626958673142,185.25034362686705,4
135,IMG_136,120.65191336358188,144.40510230288504,182.83879804811232,124.61761202235866,129.84898744616513,183.06231100522314,3
136,IMG_137,116.5943951579471,144.54589171710472,181.648868253047,128.74472014775557,128.3603147835863,184.37219947000722,3
137,IMG_138,119.94685237789793,141.9527169430954,182.43416109227527,128.6175996968836,126.21502320735057,184.16794543904518,3
138,IMG_139,120.02135068267204,143.9677448914139,182.6119307248236,128.35246755707115,127.75201288244766,184.19730984181112,3
139,IMG_140,119.13615023474179,143.0155903977323,182.2645938524227,129.55080900607825,127.4758154267614,184.6362468966698,3
140,IMG_141,124.76414690523072,142.34209399880146,184.0868076363325,125.48651656536255,131.28867391490454,183.44097251947608,2
141,IMG_142,118.08526667237395,142.52153069086552,181.8367434295009,126.7404641451859,129.87167750742793,183.78165903798282,2
142,IMG_143,120.63228189826656,143.00161030595814,182.7296580467936,129.21897422269467,130.54708122951547,184.65063335990789,2
143,IMG_144,119.9525201523607,143.7986535565595,182.59030915050047,124.44194996792815,132.40951159167966,183.21533950334464,2
144,IMG_145,117.31163079103553,142.7763309416246,181.63273983523783,125.37001741042793,131.42014111610007,183.4064876752497,2
145,IMG_146,119.69279829922934,144.30410133758525,182.59084064133228,119.761201098797,139.28019323671498,182.16008335701432,1
146,IMG_147,119.97699990836617,139.94611930724824,182.24099697608358,125.46433645922137,135.12124656625934,183.6911054276783,1
147,IMG_148,119.83536989675098,141.04044709671308,182.41489059391873,120.65573169614221,135.7630349124897,182.2588655731696,1
148,IMG_149,122.28305690460918,139.82809493264912,183.10684504719143,123.70978506232211,134.99862596918246,183.14731573265286,1
149,IMG_150,117.83364412601826,140.72303464520562,181.6068308960644,115.83480155347164,135.1639670360898,180.50175239177796,1
150,IMG_151,183.9256203435749,139.19025922049136,202.63148820885414,209.96395370897363,123.77031556314425,146.38190096755835,10
151,IMG_152,191.13515177636845,136.85942983806416,204.8283972661782,208.25128471996356,122.87276393677226,147.64138424510506,10
152,IMG_153,186.7818160081296,137.71426863530397,203.53523820909797,208.49381313886067,122.97937712953554,147.08769203180105,10
153,IMG_154,182.17098133654426,138.5595692019533,201.94842464378888,204.0680413712353,123.6134781760229,146.71248292460808,10
154,IMG_155,181.87080250426865,138.52652880541328,201.84278757983938,204.04274533413607,123.31252926617165,146.99525051842932,10
155,IMG_156,180.96876938986557,139.39269217511202,201.6921061702861,202.96949628737707,120.68258746404442,159.74152117198474,9
156,IMG_157,182.18896932092383,139.17180282661153,202.06080661840744,204.35022406066872,120.5179593243709,158.5067907618063,9
157,IMG_158,179.007928300586,138.78717683557394,200.95215442950706,205.87142952705867,120.6871362632952,158.8991905813098,9
158,IMG_159,181.41220268872803,139.10741123750432,201.87383660806617,202.69509666198408,120.81175998394542,156.92414208308247,9
159,IMG_160,174.72857635298172,139.61316787314718,199.60799724233024,203.41826345412002,120.483652690824,156.99728071839627,9
160,IMG_161,180.9256203435749,139.30909426759436,201.57976725571086,206.71030165054069,122.13710238411434,151.61816227154873,8
161,IMG_162,180.06524425941586,139.01541663956286,201.34846809341053,204.40851216450474,122.649351425668,150.02540498535478,8
162,IMG_163,180.81220268872804,139.81716649431232,201.5390554981041,206.9165830490334,122.02421566659977,152.80493678506923,8
163,IMG_164,183.33093024726492,138.4212989312591,202.27837854929487,207.52686950803994,122.13605116862932,151.69035806085242,8
164,IMG_165,182.1314483830474,138.57439177476238,201.89096778050092,208.11828965517242,121.93445517241379,151.6600275862069,8
165,IMG_166,181.5692460740425,139.2148084985433,202.04348752931145,204.7633955448525,119.2604187571075,165.78185831828216,7
166,IMG_167,182.61144432954154,138.2635642881765,202.24522578421235,201.93209238193725,119.50513615994484,165.1440882454326,7
167,IMG_168,182.08725929084062,137.75321537696297,201.84161159667448,200.5753675126161,119.36561105829006,164.48109412711182,7
168,IMG_169,182.1714327506765,139.39369560447597,201.97725444306298,210.79634761600227,118.76195551765792,166.5053648831095,7
169,IMG_170,185.42315071413344,138.16847864705466,202.93597669295815,204.8910680025581,119.49605627797911,165.89568677609606,7
170,IMG_171,184.555460811483,137.61159667448305,202.40169118169544,200.24632885211994,119.013719407101,174.67700792830058,6
171,IMG_172,183.53127299484916,138.42216870693693,202.1463643053047,209.21225500033447,118.64278547060005,175.54050438156398,6
172,IMG_173,183.00310237849018,138.83019648397104,201.950913478111,206.07184427051976,118.8703592213526,176.266639909024,6
173,IMG_174,180.7702693100263,139.15575925531158,201.3547218077169,207.46223827680782,118.4349454813031,175.15191651615493,6
174,IMG_175,182.21199505626748,138.10414362843946,201.79821765432902,203.22661151327128,118.9562219924164,174.96111685625647,6
175,IMG_176,180.62144625058534,138.89805338149708,201.3135326777711,202.01478359756504,118.70379289584588,184.76633888554417,5
176,IMG_177,179.9735953119614,141.08011030679077,201.27107893829714,203.68984583360438,118.827619852989,185.4615234502049,5
177,IMG_178,186.1573315798912,137.79161934365473,202.9479945005679,200.3976356135706,119.244381503602,184.7698417585124,5
178,IMG_179,178.76842516099654,138.75216288297665,200.6837312170689,203.9007450280155,118.66658456991564,185.14777415183795,5
179,IMG_180,182.54423575539113,137.88933156263835,201.84253462341113,202.01498766837412,118.75475874280656,185.67608929361919,5
180,IMG_181,185.04408595529833,137.91669232190137,202.5922664860538,202.35118656225717,120.48466734413294,193.65443242273895,4
181,IMG_182,191.7673193260912,136.70467703115852,204.7216548494113,210.24874780459245,119.29447733038444,195.43589410004554,4
182,IMG_183,184.3329886246122,138.44577731816614,202.40758359186486,203.9191250250853,120.29366512810222,194.53562111178005,4
183,IMG_184,185.66018343849606,137.79535549339752,202.83158784882588,203.43382027445773,120.22620628596724,194.37722127363563,4
184,IMG_185,186.69927795485592,138.41787549599948,203.2039289663696,200.6779864668311,120.3421235692152,193.48200847404036,4
185,IMG_186,186.8200215012964,137.9769177259217,203.20805666223993,201.3499168770396,122.92691336740349,200.45428237177515,3
186,IMG_187,181.28382478798724,140.701159262429,201.79226639695014,194.68658178256612,123.58306336171175,199.95931590446773,3
187,IMG_188,182.5281745185817,137.93121580331132,201.95949690897464,195.88261537336356,123.39106267827104,199.9937833686828,3
188,IMG_189,177.49175016951708,140.61297370601974,200.4823325548105,196.82929861771373,123.18591384480362,200.3841146785636,3
189,IMG_190,187.57123569956656,138.16940240176223,203.49449300078163,193.91586726355433,123.55872948198679,198.8533361756555,3
190,IMG_191,182.71044467425025,139.1575318855567,202.0202688728025,196.15442950706654,126.36525336091003,202.87687004481214,2
191,IMG_192,182.4590273596896,138.60652886480702,201.90608067429258,195.0014047762392,126.64385577630611,202.7150979998662,2
192,IMG_193,181.740847983454,139.52671492588763,201.80117200965185,195.960131112449,126.22931299752491,202.85009030704396,2
193,IMG_194,185.4955588715981,138.90918780643787,202.9139486960847,192.75371278334399,126.85660484615931,202.06089675264693,2
194,IMG_195,191.5124698310539,138.16338769838367,204.85818766912894,192.8646237109632,127.20770862283332,202.09441965918234,2
195,IMG_196,183.74789731587802,138.89468295180282,202.46866086447744,180.15424559350544,133.04388210341548,200.3388429752066,1
196,IMG_197,190.55027092113184,136.8563783530671,204.45688674827747,193.15311961392624,131.23233367804207,204.48831437435368,1
197,IMG_198,181.93690236128276,138.41507838418005,201.85565602029533,183.97565294378043,132.31916777335104,201.66824764434327,1
198,IMG_199,183.60860258211252,137.70439494280555,202.2830958592548,192.04039986211652,131.82564632885212,204.14360565322303,1
199,IMG_200,186.32410042370202,137.5400619743249,203.0270663378233,189.04686017833427,131.56725479036237,202.93789919686333,1
200,IMG_201,120.50301132257287,144.1409298964105,181.96579137557214,122.63477721675967,140.4380370271946,182.3849765258216,1
201,IMG_202,125.72913277972776,144.91156579060012,183.3481722455269,124.14492993947434,140.3946604759141,182.755907470359,1
202,IMG_203,129.5313579057255,143.65847586926844,184.58740865654863,131.94925793881103,139.87256446397478,184.95249150153387,1
203,IMG_204,121.82124201973302,145.3320620180748,182.02785838653512,122.75292264323025,140.4226846861786,182.26009451952575,1
204,IMG_205,125.53224122701357,144.5307957921786,183.4413394362804,127.62092286619297,140.15058642239535,183.85386525126273,1
205,IMG_206,120.77865089862289,146.02575274255037,181.6356492647631,129.80899400918074,136.03578930988874,182.93231152260174,2
206,IMG_207,123.45965922352758,145.2159807048938,182.63463782774448,131.12149682807356,135.61077651971414,183.4355576969405,2
207,IMG_208,122.88776645835117,145.0175498673059,182.24612618782638,131.3060276925628,135.08291186468784,183.246745709311,2
208,IMG_209,121.19150757640612,144.8756955740091,181.6099649002654,127.08715007276774,135.93271124047598,181.91259309990582,2
209,IMG_210,123.27480523927746,145.0177210855235,182.67742487800703,131.36240776055052,136.06118895613963,183.7633695381809,2
210,IMG_211,119.67357263310046,146.0171846141492,181.54822131213362,129.125184781763,132.65937913327627,180.55216680930522,3
211,IMG_212,124.80373690951556,144.00527386423568,183.12107285466737,133.314699013034,132.41949822948843,181.69569803360204,3
212,IMG_213,121.07789287721835,146.04898418051874,181.7009555930298,130.81530554886373,132.6606440215209,181.0291496025054,3
213,IMG_214,123.86514994829369,145.22068252326784,182.613719407101,133.2577275634193,132.61571804164,181.30633127264974,3
214,IMG_215,122.96547941197981,145.52219703064435,182.5526950925181,130.46028164630826,133.00023340854275,180.66661479810162,3
215,IMG_216,123.54613346181642,144.54300168634063,182.56661045531197,135.33542118365054,129.17891271179636,176.43941218983377,4
216,IMG_217,126.80300318991675,145.72613397650355,183.67875204232476,136.8240789572817,130.32765765087018,176.21027650116778,4
217,IMG_218,125.43984027725458,144.5151058539893,183.28328185037293,134.52835913794445,129.583832568272,175.69898078269665,4
218,IMG_219,129.0618548933926,144.0025615912002,184.11029910344308,138.900826446281,129.83551524903095,176.03554450376654,4
219,IMG_220,126.20522865968508,144.9199126045355,183.460559029609,137.55714608603932,129.21396820613276,176.32502071875234,4
220,IMG_221,120.58195837824393,143.93831357267226,181.817262250228,133.57246811060696,127.38078931598322,168.81516993408098,5
221,IMG_222,122.47462131278236,148.17273452032953,182.67109575693152,136.9095111719887,128.17464258197072,168.9571954455954,5
222,IMG_223,122.8848470248133,143.72263711555448,182.39034770737976,134.6883217925776,127.05360616198553,167.84392748774604,5
223,IMG_224,125.44225188624492,144.35345327916426,183.04734267473677,137.83891431783505,127.49931743355015,167.68007708985786,5
224,IMG_225,119.89161886824758,144.48249293724854,181.06686071397996,132.81850592819833,128.40104468949508,166.35685266561646,5
225,IMG_226,125.50385330853042,144.84161573212862,183.13951634334308,141.7566989127643,126.8786918928174,157.5690437462546,6
226,IMG_227,123.73244341265234,144.985656247409,182.76776386700936,137.95017549867305,127.18157691978426,158.5902748052393,6
227,IMG_228,123.1892107361148,144.9937992736292,182.44707237133494,137.46850916821685,127.08370980600584,158.40552750465054,6
228,IMG_229,124.0282575958898,145.00814952608735,182.5265302506865,139.325183807246,127.06138719107095,158.2170254229781,6
229,IMG_230,124.59369559241271,144.1958214972968,182.88170072390727,136.5648861723802,127.12755779962795,158.5011958543715,6
230,IMG_231,121.47450413554967,145.65711073636874,182.3802296635349,137.74817313097245,126.19256404079339,149.50991728900667,7
231,IMG_232,120.93969324660725,145.65405926282824,182.56612864370032,135.75624367851864,126.55831323426438,149.69143390648097,7
232,IMG_233,125.98470579371657,145.1408121750923,184.12257967302043,139.56091313192195,127.54366006177955,149.4981541475175,7
233,IMG_234,124.91801172408255,145.23560587810167,183.6022645145748,139.2664418212479,127.73604753874568,149.91126636151932,7
234,IMG_235,124.54754995439848,144.74056877539175,183.4246745709311,139.02644888483542,126.72639084653014,149.46231655749938,7
235,IMG_236,122.63502770416767,144.66682727053723,182.59206616879467,137.80829378355247,127.28273554812107,138.66575896677818,8
236,IMG_237,125.23920072962441,144.58303623248486,183.36647044192023,142.33373484300972,127.4451939291737,138.2805749618566,8
237,IMG_238,125.38520852333968,144.84553519608656,183.35121465881767,141.53017721085524,127.12113688896498,139.46211796935194,8
238,IMG_239,122.51654091700523,145.38827626233314,182.44822154050246,140.76417956897222,126.99859954874348,139.71819808604994,8
239,IMG_240,124.03457424757482,145.03034574247576,182.99286957963685,140.23359832971974,126.9694049626596,138.2506223399984,8
240,IMG_241,123.3414947350398,143.92620494820648,182.72605085181064,139.44857826202497,126.70395960669678,145.5053591992205,9
241,IMG_242,123.13552643636031,144.58233299734263,182.4851095024283,141.50440886910368,127.54978169677254,142.53497132094856,9
242,IMG_243,121.02320006848728,144.18679907542162,181.66680934851468,137.29809091687355,126.61732728362298,144.5503809605342,9
243,IMG_244,124.09485489256056,144.7387209999144,183.06198099477785,140.02773735125416,126.63521958736409,144.682818251862,9
244,IMG_245,123.78944104880857,144.7379750199309,183.01629905217467,139.96492160510232,127.06041279121268,144.19815749844983,9
245,IMG_246,122.12961954407531,143.47607562436787,182.25309266319147,138.49819320645628,126.95262185818679,137.1856580743596,10
246,IMG_247,123.12920581386011,143.5792981610857,182.40986107765198,138.7349233116518,127.50517947482534,135.21962579298162,10
247,IMG_248,120.61205538512561,144.20968410579553,181.53187961197247,136.76215669493504,128.56936123862133,135.37493192250835,10
248,IMG_249,121.06848520023215,144.45875134731781,181.8222369621093,138.97735485425198,128.25158596322171,135.00505902192242,10
249,IMG_250,122.78863111035014,143.81688211625718,182.3096481465628,139.33233456039721,127.90745655337727,134.63265131409983,10
250,IMG_251,138.01602274195633,154.9972864711203,187.5290089158806,141.68380247566188,150.18043258006256,188.10871767763535,1
251,IMG_252,141.28146508351782,157.25292815455825,188.74691084725296,143.66903873523867,149.36215717198138,188.69054121629418,1
252,IMG_253,143.44889565253158,157.67437173528566,189.45366676263728,140.42537795580824,151.1809880690873,187.87052590774002,1
253,IMG_254,143.92521634131617,155.48883075065405,189.19360032199637,147.42606835849134,149.25110023444248,190.07831201414882,1
254,IMG_255,138.7223798121201,158.15826118990606,188.08506170565482,142.0711838885752,151.12828910220213,188.60790513833993,1
255,IMG_256,143.98702559125505,157.0618583031108,189.56331409306839,150.60246003685074,142.94557043971915,190.42941088591206,2
256,IMG_257,144.00795436705218,156.78036527290806,189.08896331571512,155.88340698295536,140.39615403292382,191.75977273830912,2
257,IMG_258,146.95608707336737,156.0312819134641,189.91303413061004,156.87923908171905,140.463423136298,191.93257307902994,2
258,IMG_259,146.2144539222356,155.92694541838924,189.59380396671725,158.7909466660027,139.77306907026542,192.51018375578906,2
259,IMG_260,145.5328191244828,156.1598814935894,189.56408029830925,155.88593211285388,140.79493031612685,191.3641043072889,2
260,IMG_261,141.83626259431617,157.07888673022185,188.82718113224595,151.12552591428175,137.40094317814047,190.07337371122105,3
261,IMG_262,141.37922051386832,158.39285896715535,188.41456811564592,154.44946460037048,137.26282022319614,189.5146161839787,3
262,IMG_263,145.13286213134757,155.5728890571753,189.10404308132442,158.41847121241895,136.03411279229712,190.26626056199646,3
263,IMG_264,144.93209642812067,155.82224746518574,189.0279355462998,158.16444846448724,137.4724555282767,190.7427746909592,3
264,IMG_265,140.31867777479172,157.23848427841978,187.86680999731254,156.18560520489766,137.40396692721276,190.57014412867665,3
265,IMG_266,144.13999902879618,154.7260719662021,188.84990045160978,162.34289529224276,131.33014601369686,185.3246758840505,4
266,IMG_267,147.870717027629,154.04094592673334,190.268944599782,165.02055753851715,130.6088645913342,185.90529977861112,4
267,IMG_268,144.49842179381343,155.98669450784246,189.01723886757637,160.25852798987935,131.74680341571408,184.94948719107217,4
268,IMG_269,146.21971017379613,156.2081569642946,189.79517952293213,163.89811593548094,131.40238557809604,185.14674919803008,4
269,IMG_270,147.30893395310824,155.46585278643306,189.7365275578485,166.03953026029868,131.14892043090296,186.7824217485783,4
270,IMG_271,140.6679946217818,155.51745431004431,188.00343608386038,165.0257533999006,128.57972258618352,176.9885691049564,5
271,IMG_272,141.9044800961672,154.4385778353137,188.10504415368254,165.69063036870622,128.4096295317387,173.9932602088014,5
272,IMG_273,145.32562762957141,154.61006056683158,189.12871607563918,168.34220165023143,128.87595089555242,176.38494666934997,5
273,IMG_274,143.63403216971267,159.08321298740103,189.2638812808127,170.02927754936067,128.87986264853387,178.1542493109836,5
274,IMG_275,142.71949697165843,154.75223080123908,188.23436127421516,165.59237337911716,129.2434374011657,175.6829620928026,5
275,IMG_276,146.4162093915408,157.503957655514,190.53372505220221,175.24691636922242,127.48312474585461,170.19739755116794,6
276,IMG_277,142.39969485413104,156.7323500855333,188.77585648897315,170.1248362174129,126.8444404283197,167.17760809650747,6
277,IMG_278,143.87216772073103,155.81489965639162,188.92754344903142,171.5383512876231,126.52503583152249,167.1509547366961,6
278,IMG_279,147.4799309226019,156.1107331623842,190.0546339421215,177.45699255959434,126.79375385052842,167.2897019098621,6
279,IMG_280,147.41994852619823,154.0934783664352,190.07419997086387,173.33131523065106,126.78028283558487,165.9555866805223,6
280,IMG_281,141.79195298801005,157.09577745130562,189.4073266669826,173.39411738128587,128.4798265034112,157.02055753851715,7
281,IMG_282,143.63687641592307,156.3804151833187,190.02519765130148,175.56566309170006,127.51393375543782,155.23603394064693,7
282,IMG_283,141.0097563467334,157.7079736425397,189.23241558972262,173.09209474525642,127.34019100509066,156.11392990870462,7
283,IMG_284,143.7192550116108,157.40315624851902,190.15610634567082,177.72961543544338,127.26994405532795,158.0731685828818,7
284,IMG_285,144.78896882494004,156.165888341958,190.5125163027473,174.7315757697726,127.2679814852083,157.76111893741196,7
285,IMG_286,141.92672267275287,156.65561112999563,189.38940416646435,178.19382406061408,129.06581207876306,142.48341482754063,8
286,IMG_287,138.2380553665812,157.69124496310639,188.32827463498876,179.74410818906657,127.92758028280693,142.076736707634,8
287,IMG_288,140.68198620689654,157.1344551724138,188.35222068965518,180.11558693900764,126.83289891474338,143.03710724610207,8
288,IMG_289,140.89622690878645,158.42048249515935,189.32293683604584,181.4413319477703,129.0198346360638,143.38255094203225,8
289,IMG_290,141.61396344803546,158.03949006523578,189.5438972162741,180.47603049489598,128.52823362191498,143.28776327690917,8
290,IMG_291,143.99417159896987,156.1174716486694,190.00759047576017,178.73114799574645,128.1446206482038,149.34703407462203,9
291,IMG_292,141.08425875205418,157.77630596085854,188.4333449529406,181.60349764327563,126.54085723095899,147.8830007488657,9
292,IMG_293,143.40453059096725,156.26183593194637,189.28619496706318,180.55790493810846,125.94537685564512,149.2060261662482,9
293,IMG_294,145.29699716149594,156.52462526766595,190.07982670185748,182.02949743400066,126.57561607101577,148.496601784641,9
294,IMG_295,145.7507891030933,157.50211236828048,190.42193949400283,183.55393222062972,126.7492718109945,149.9762818438208,9
295,IMG_296,145.76116727254617,154.84487824311537,190.31821124445995,185.95585131584616,128.23805831933498,138.23258818968858,10
296,IMG_297,146.7077997133478,154.6445975310925,190.38818253271072,185.39410776586124,129.029245811259,138.68458457165008,10
297,IMG_298,146.53029413093572,155.38987032937243,190.50395337279176,186.646711598608,128.08197876745518,138.48874498920753,10
298,IMG_299,144.54759473259875,155.3276538564902,189.63386186509004,185.614868925979,128.08197327661935,137.92838318923668,10
299,IMG_300,148.17980190512299,154.24373252452492,190.87844178001043,187.64423487038528,128.59864461399934,139.64911615563244,10
300,IMG_301,109.20917689675991,146.32598108271281,177.04065204266453,109.31015187849721,141.56110900753083,176.399133324919,1
301,IMG_302,109.25461735874458,147.98859859480837,177.1541503639194,104.92445191023819,142.68200025843132,175.1094025929276,1
302,IMG_303,110.21921792100609,146.9725289840833,177.4558852426803,109.80709312612994,141.6673846982344,176.7019656114167,1
303,IMG_304,106.19306543824291,147.8104306338173,176.09447620614486,106.90277251882705,142.39534688039043,175.78328915814717,1
304,IMG_305,111.76403570106527,146.51203060091308,177.78472422160985,112.70284824771761,141.9009213681686,177.5953552947116,1
305,IMG_306,111.56821910892339,148.2287012495267,177.84850014725063,120.22766751817646,136.29212025938298,179.39013558655924,2
306,IMG_307,113.55403368221562,148.07817547486755,178.48214670284705,120.94031999341915,136.66314317443343,179.51240077324888,2
307,IMG_308,112.28320338311087,148.02991057662658,178.02334698911943,121.04888659172158,135.92079079984495,179.54193048197442,2
308,IMG_309,112.54253829123932,148.10802873537253,178.14155333664664,118.7528302717942,137.09369631293777,178.73666358310206,2
309,IMG_310,109.35068657820518,147.64163854084794,177.2737990660687,117.12391524602441,136.51129906171533,178.41804325800626,2
310,IMG_311,114.25636876415923,148.70470202043552,178.8266216653567,125.0338751596846,133.03440377075898,179.52962424562796,3
311,IMG_312,113.52213558874058,147.2478745429717,178.4444297608035,121.6768424298489,132.93550944892294,178.20060790273556,3
312,IMG_313,113.5276860050218,147.66208537068852,178.5177304964539,123.9616254678567,132.78488874264798,179.2507300621067,3
313,IMG_314,109.8419032273352,148.73115018245582,177.4479882470025,119.5313018340363,133.5981707028103,177.77460783849108,3
314,IMG_315,109.36813807436859,146.71955902950344,177.1915691501378,118.70126056115303,133.60588261871413,177.60430126959744,3
315,IMG_316,114.95991366019118,146.66891326373286,178.92440861636052,127.46584131945873,129.30938181219923,174.48624192818656,4
316,IMG_317,110.7480287212017,148.2872560680146,177.6983833311308,122.43222637060326,129.96207506386324,172.76423658872076,4
317,IMG_318,115.67031129986897,146.8896218316541,179.18059006912756,127.80080615308682,129.2648788713857,174.98988195615513,4
318,IMG_319,109.31989780185894,146.81190255935863,177.14690982776088,120.96651100172494,129.98270856998613,172.73225630022299,4
319,IMG_320,113.11973040835205,147.55962292410027,178.1536936698824,126.24106445111669,130.0181384444536,173.31328918685477,4
320,IMG_321,108.53070076356572,147.22920525911536,176.814349613699,124.9830451428331,127.83381715680088,167.01796457570785,5
321,IMG_322,106.49817899286165,149.68581556839703,176.15694653523042,124.92938637064447,127.47698339280208,167.32346592661116,5
322,IMG_323,108.59729992140183,146.7052105968838,176.90716168107633,124.160983835808,127.683831694978,166.60597211368403,5
323,IMG_324,111.45588306706162,147.0997426309911,177.7354440829408,127.8683413906836,127.7016220123797,167.11046853115258,5
324,IMG_325,111.02831059097751,147.2229883941145,177.66338076045258,128.54891854984362,127.41680983216598,168.12448790802168,5
325,IMG_326,114.91573668278137,145.7913522794018,178.67397099353906,129.93302475347153,126.3081907828537,160.12964379150733,6
326,IMG_327,113.88781457552072,147.3728821217187,178.39737044232595,134.41297488325128,125.94118389498927,161.23665278303673,6
327,IMG_328,109.93328401682926,146.91021313976606,177.19325905034907,129.57343807839428,126.4963188417719,159.55974170197013,6
328,IMG_329,114.26103842063895,146.87872763419483,178.41966803828194,134.64989923086415,125.88154485254802,160.1224447826266,6
329,IMG_330,109.82920240746884,147.35974598360266,177.2151556798256,131.83200807774833,126.09432454036771,158.71193571458622,6
330,IMG_331,107.10738579190983,146.6646407727913,175.94630710404508,128.42133837864517,126.58808045078764,149.67901945461276,7
331,IMG_332,113.0955866885439,146.99852749379443,178.01077033110354,134.20971650575066,126.78209024118168,149.97561257068122,7
332,IMG_333,113.91097648197231,146.50039968025578,178.43354789852327,134.22273668360626,126.96630905326558,150.06918878223226,7
333,IMG_334,109.78437073256684,148.13752698119026,177.22941720629046,130.4954639563335,125.88827404479578,151.13254281949935,7
334,IMG_335,111.62626523668001,148.24796485334022,177.58922341387776,135.36404560562076,126.78286844208843,150.32012284908916,7
335,IMG_336,113.49668901410767,147.08036852712542,178.2127668325587,137.46805400623148,128.3464245874524,137.6482671077432,8
336,IMG_337,111.65488661702217,147.92603811687493,177.70230131684127,136.20556271873272,127.96946030576534,138.25268005157488,8
337,IMG_338,111.55935861856305,147.60067838421216,177.6196202810449,135.21557490849426,127.86006983886575,138.9375236652783,8
338,IMG_339,108.21162017754217,147.79426984728008,176.50111489755565,134.68782464542272,127.34470436544483,138.96695524037577,8
339,IMG_340,107.95998025747542,147.90980134084646,176.48727018467486,133.02179559570865,127.7348014304536,138.63617541878412,8
340,IMG_341,116.76534073388838,145.7360909211048,179.3640808774944,139.49528362837577,126.46905284920533,145.2607572037731,9
341,IMG_342,108.35817652226177,147.33838827500117,176.67233806463545,133.9923123364862,127.15471925940834,143.56035419601528,9
342,IMG_343,114.24421759917303,146.48675539475386,178.43326011112546,137.31067752078218,127.54106904423483,144.3100745143645,9
343,IMG_344,108.66231640608176,147.14954559159236,176.62669595554982,130.58395388951996,127.19016365854685,143.66489965922,9
344,IMG_345,111.29268513080017,147.68079338544254,177.64442235575837,134.200456562002,127.71546711461428,143.41637593142954,9
345,IMG_346,114.59719171296895,146.09342292285825,178.56544773226514,139.4615583408709,128.87052590774002,136.40048240513417,10
346,IMG_347,113.51072639971808,147.12567728293908,178.34020527730056,136.2437021025742,128.5092945568874,135.54776969935153,10
347,IMG_348,116.04093624047006,145.84222794153354,179.11809838294567,140.57903179369063,128.78920741989882,136.28852877061655,10
348,IMG_349,115.6657479781322,146.53323092215246,179.14932453802015,141.79683794466402,128.52938076416336,134.8427630340674,10
349,IMG_350,113.02638593954728,147.82049428455247,178.15510775764696,137.5258007467086,129.1134211043427,135.94450776183925,10
350,IMG_351,179.09335194555925,138.76612574885127,200.37777002268365,182.92731185366728,132.9435112678582,200.7681869806922,1
351,IMG_352,179.9290408887338,139.47658930960276,200.73291455825046,182.784036229833,133.9425983583357,200.58409283894707,1
352,IMG_353,177.11656800884668,140.56091849346257,200.29259090613414,174.95646819777107,135.15768733452373,198.36401699402745,1
353,IMG_354,178.66957482696446,139.89798173675334,200.60902692956435,181.4449359266246,134.22975346386522,200.6967410394848,1
354,IMG_355,175.77895449787576,140.36709562219076,199.54756480512285,178.8813634351483,134.8960349079871,199.41876936697653,1
355,IMG_356,180.50579631214504,139.81926398506187,201.35921574729636,192.84118134558878,127.93400135613652,200.84208543660063,2
356,IMG_357,179.02337125129264,140.5147880041365,201.05101689072734,190.21752423079425,128.40187341442788,200.53730566577767,2
357,IMG_358,176.58810902231184,141.41735510310284,200.26826253821636,190.48270410421804,128.04224372351862,200.50211851008663,2
358,IMG_359,178.7258679510335,142.24035052511874,201.10703057060672,189.81174786964158,129.4685487543095,201.13367592532362,2
359,IMG_360,178.19245434477222,141.24958191183356,200.7180413405579,191.47648672151985,128.34390260218075,200.6605793029634,2
360,IMG_361,174.65694588073077,143.25928990003447,199.79269217511202,190.4184226369657,127.30296340892367,195.83129306308115,3
361,IMG_362,175.98481503779516,140.28042009498964,200.02053649073517,190.15691140985868,127.10989314029645,196.23784901758015,3
362,IMG_363,177.1777792233136,139.8573472972094,200.3667468939049,191.9418200215013,125.35350660848668,196.084234490609,3
363,IMG_364,174.11306955313393,142.20441746507717,199.6898266656915,189.55620566079133,125.90996855115922,195.6110582900607,3
364,IMG_365,186.8200215012964,137.9769177259217,203.20805666223993,201.3499168770396,122.92691336740349,200.45428237177515,3
365,IMG_366,186.69927795485592,138.41787549599948,203.2039289663696,200.6779864668311,120.3421235692152,193.48200847404036,4
366,IMG_367,185.66018343849606,137.79535549339752,202.83158784882588,203.43382027445773,120.22620628596724,194.37722127363563,4
367,IMG_368,184.3329886246122,138.44577731816614,202.40758359186486,203.9191250250853,120.29366512810222,194.53562111178005,4
368,IMG_369,191.7673193260912,136.70467703115852,204.7216548494113,210.24874780459245,119.29447733038444,195.43589410004554,4
369,IMG_370,185.04408595529833,137.91669232190137,202.5922664860538,202.35118656225717,120.48466734413294,193.65443242273895,4
370,IMG_371,182.54423575539113,137.88933156263835,201.84253462341113,202.01498766837412,118.75475874280656,185.67608929361919,5
371,IMG_372,178.76842516099654,138.75216288297665,200.6837312170689,203.9007450280155,118.66658456991564,185.14777415183795,5
372,IMG_373,186.1573315798912,137.79161934365473,202.9479945005679,200.3976356135706,119.244381503602,184.7698417585124,5
373,IMG_374,179.9735953119614,141.08011030679077,201.27107893829714,203.68984583360438,118.827619852989,185.4615234502049,5
374,IMG_375,180.62144625058534,138.89805338149708,201.3135326777711,202.01478359756504,118.70379289584588,184.76633888554417,5
375,IMG_376,182.21199505626748,138.10414362843946,201.79821765432902,203.22661151327128,118.9562219924164,174.96111685625647,6
376,IMG_377,180.7702693100263,139.15575925531158,201.3547218077169,207.46223827680782,118.4349454813031,175.15191651615493,6
377,IMG_378,183.00310237849018,138.83019648397104,201.950913478111,206.07184427051976,118.8703592213526,176.266639909024,6
378,IMG_379,183.53127299484916,138.42216870693693,202.1463643053047,209.21225500033447,118.64278547060005,175.54050438156398,6
379,IMG_380,184.555460811483,137.61159667448305,202.40169118169544,200.24632885211994,119.013719407101,174.67700792830058,6
380,IMG_381,185.42315071413344,138.16847864705466,202.93597669295815,204.8910680025581,119.49605627797911,165.89568677609606,7
381,IMG_382,182.1714327506765,139.39369560447597,201.97725444306298,210.79634761600227,118.76195551765792,166.5053648831095,7
382,IMG_383,182.08725929084062,137.75321537696297,201.84161159667448,200.5753675126161,119.36561105829006,164.48109412711182,7
383,IMG_384,182.61144432954154,138.2635642881765,202.24522578421235,201.93209238193725,119.50513615994484,165.1440882454326,7
384,IMG_385,181.5692460740425,139.2148084985433,202.04348752931145,204.7633955448525,119.2604187571075,165.78185831828216,7
385,IMG_386,182.1314483830474,138.57439177476238,201.89096778050092,208.11828965517242,121.93445517241379,151.6600275862069,8
386,IMG_387,183.33093024726492,138.4212989312591,202.27837854929487,207.52686950803994,122.13605116862932,151.69035806085242,8
387,IMG_388,180.81220268872804,139.81716649431232,201.5390554981041,206.9165830490334,122.02421566659977,152.80493678506923,8
388,IMG_389,180.06524425941586,139.01541663956286,201.34846809341053,204.40851216450474,122.649351425668,150.02540498535478,8
389,IMG_390,180.9256203435749,139.30909426759436,201.57976725571086,206.71030165054069,122.13710238411434,151.61816227154873,8
390,IMG_391,174.72857635298172,139.61316787314718,199.60799724233024,203.41826345412002,120.483652690824,156.99728071839627,9
391,IMG_392,181.41220268872803,139.10741123750432,201.87383660806617,202.69509666198408,120.81175998394542,156.92414208308247,9
392,IMG_393,179.007928300586,138.78717683557394,200.95215442950706,205.87142952705867,120.6871362632952,158.8991905813098,9
393,IMG_394,182.18896932092383,139.17180282661153,202.06080661840744,204.35022406066872,120.5179593243709,158.5067907618063,9
394,IMG_395,180.96876938986557,139.39269217511202,201.6921061702861,202.96949628737707,120.68258746404442,159.74152117198474,9
395,IMG_396,181.87080250426865,138.52652880541328,201.84278757983938,204.04274533413607,123.31252926617165,146.99525051842932,10
396,IMG_397,182.17098133654426,138.5595692019533,201.94842464378888,204.0680413712353,123.6134781760229,146.71248292460808,10
397,IMG_398,186.7818160081296,137.71426863530397,203.53523820909797,208.49381313886067,122.97937712953554,147.08769203180105,10
398,IMG_399,191.13515177636845,136.85942983806416,204.8283972661782,208.25128471996356,122.87276393677226,147.64138424510506,10
399,IMG_400,183.9256203435749,139.19025922049136,202.63148820885414,209.96395370897363,123.77031556314425,146.38190096755835,10
400,IMG_401,140.5662985445769,137.98427557960946,187.2869158194983,143.53839570528282,132.59620322103788,187.03936824087762,1
401,IMG_402,131.68248657900878,138.3939158173189,184.7193651287637,137.3438894170994,132.4648577488481,185.46244423316026,1
402,IMG_403,125.38612808929047,138.11878820090354,182.8078660643104,128.12984822934231,132.43531679113465,182.73652935035733,1
403,IMG_404,141.75316074653824,138.99598635360223,187.961937253328,145.50492933471216,132.55677352637022,187.98138572905896,1
404,IMG_405,164.7982882827412,138.01662459208177,195.5785973770088,162.3229647468058,132.03859789952506,193.5586326844605,1
405,IMG_406,146.98662117867417,138.73075122081744,189.57053983544048,162.22654257152706,124.48086866597725,190.47059634608755,2
406,IMG_407,141.94222980174803,139.4937113621829,188.07610317629502,158.65294725956568,124.56194415718717,189.83833160978972,2
407,IMG_408,147.5077733688935,139.01164379106226,190.03876927079946,161.2467054652485,124.9049434744799,190.7112181416817,2
408,IMG_409,143.0703057060673,138.4736771690414,188.35012375409727,156.88507592481102,125.28316275336142,189.41648270787343,2
409,IMG_410,144.83256405110708,139.049969897652,188.95832497157,158.69726143238145,125.31893579652638,190.2301437585377,2
410,IMG_411,140.56878519710378,139.52088056754187,187.74519125283405,160.23596775408726,121.00527386423566,187.51224289911852,3
411,IMG_412,146.78228197173388,137.76139262323338,189.64619096863152,166.12399630498118,120.86435017409224,188.97711930647338,3
412,IMG_413,142.97960633837846,138.48241313152846,188.36012221985362,160.6484045755569,120.62512542644993,187.0084955515419,3
413,IMG_414,139.79958634953465,139.66259910375732,187.46349534643227,158.90823853843503,121.06956221992417,186.83198896932092,3
414,IMG_415,145.76565482421034,137.95523674650576,189.0707468751924,164.10436965748102,120.25219678402773,187.85815051706618,3
415,IMG_416,142.83583214043546,137.99088374896405,188.34762299404807,166.67497988736926,116.64316536239303,182.07862210195276,4
416,IMG_417,137.48614056900462,137.80516346083522,186.54340671396182,161.71257222262855,116.50252322094639,180.17326117165217,4
417,IMG_418,142.52462108892215,137.1937162557731,187.98198139595394,162.15787419501723,116.69251284719964,179.97807844922917,4
418,IMG_419,135.18531940595466,138.14218716691536,185.78931286861365,156.86239882266372,117.04762860391999,178.66024483243027,4
419,IMG_420,135.95560151671836,137.41833850396415,185.80723888314375,156.09197939661516,116.95404374874573,178.87022543313935,4
420,IMG_421,144.64101470901727,137.71050948625026,189.05364883109502,170.28188730192568,115.04419810985576,172.8710296312087,5
421,IMG_422,140.8979362402634,140.70770095559303,187.86027463261865,170.5380066910449,114.82400995876449,172.07756943904147,5
422,IMG_423,143.99965529127886,138.3585660117201,188.65046535677354,170.70397214524266,114.75655510552122,172.2180061109927,5
423,IMG_424,137.69366382882544,138.15731183605817,186.61515859263164,165.34688802749946,114.85548160608498,171.46390696994075,5
424,IMG_425,139.26007247921552,138.31357919420165,187.18709585731543,164.43871242805372,115.31969018688268,172.37554181766504,5
425,IMG_426,147.48109412711182,138.25261464199517,190.08286403861626,175.59887728274,115.02643359624814,162.1760108008243,6
426,IMG_427,138.19046137088617,138.90508052594726,186.59456936123863,170.1028303956703,115.48167922182404,160.60813281649968,6
427,IMG_428,141.3699992686316,137.71827689607255,187.68148906604256,169.33795243019648,115.29114098586695,161.8350913478111,6
428,IMG_429,139.62956191033425,138.8897827835881,187.19081401301835,170.06267320400767,115.1555460811483,162.78163859873516,6
429,IMG_430,137.0909090909091,138.76691289402473,186.41914722445696,170.4255773871079,115.34636332299208,162.38352292312996,6
430,IMG_431,138.70729944591665,140.13153456998313,187.07612623464226,171.54967711818253,116.9985217458959,151.62553489457713,7
431,IMG_432,132.12190160476155,138.47977096361035,184.8463798689068,168.22646201946992,116.94002700206069,149.70795139629078,7
432,IMG_433,140.72508099148646,139.14510660739847,187.65960973404657,173.33226746251688,117.00049740638102,149.4216584949904,7
433,IMG_434,138.78428128231644,138.04743192002758,186.91113409169253,171.80654224362834,117.13719981269651,148.99050103685866,7
434,IMG_435,143.6329140908122,138.06700774532794,188.5484971221488,175.06611570247935,116.88824690996856,150.16046222482265,7
435,IMG_436,144.78038664793633,138.41280353200884,189.0593350725801,176.68288557861186,120.04716060625772,135.6058023807975,8
436,IMG_437,144.51161799189939,137.91636466993535,188.925389042848,178.13065199519383,120.62157718333017,134.37475494846012,8
437,IMG_438,151.25267149258877,137.34546708031712,191.18117890382626,182.05364883109502,120.12690968521282,136.33709941021814,8
438,IMG_439,143.3205791106515,137.1601516718373,188.52733540158567,177.44497959729748,119.9161816843936,136.66178339688273,8
439,IMG_440,150.63227456832232,137.941234988986,191.0279968734456,182.435146163623,119.51541909157804,138.1711151247575,8
440,IMG_441,158.2726497548497,136.30171249911177,193.56988559653237,190.30823853843503,117.20020682523268,145.51113409169253,9
441,IMG_442,145.1176040371535,138.25254150515616,189.7184231697506,173.37260131399208,118.2361933259611,145.3878228062187,9
442,IMG_443,152.34498448810754,137.00496380558428,191.76477076870046,182.753562111178,116.89812027560372,147.0549869556492,9
443,IMG_444,159.34131269108175,136.01313992064007,194.0134001170884,187.53548429063943,116.3696090548364,148.4130618617056,9
444,IMG_445,149.34965549535087,137.24570205364907,190.74586928891566,179.38096193725332,116.98060070907754,147.78225968292193,9
445,IMG_446,146.07574788602287,136.41760818588787,189.64442549562992,179.38236339089036,120.5534001279045,133.89000213174162,10
446,IMG_447,146.30820269303325,135.56072334612634,189.38827815000326,179.10228108903607,120.1832229580574,135.01585390327114,10
447,IMG_448,141.06132310097348,136.64975484971222,187.95494919349107,177.08480364257258,120.98766837412256,133.6784923796876,10
448,IMG_449,144.67225094794898,137.2074457083764,189.2477766287487,182.24237299160868,121.08306771612567,133.55493397515124,10
449,IMG_450,136.98470579371656,137.5083251714006,186.87576282679123,171.94974146845917,120.61206480523957,133.67321613236814,10
450,IMG_451,131.47323082224233,146.29723909204463,184.90287289486153,130.71219446075995,140.57276465007004,184.2903808792301,1
451,IMG_452,128.80049644494932,146.40456056207665,184.06794564348522,130.03475617814192,141.1345755693582,184.3070789833047,1
452,IMG_453,123.92661116250386,147.0091625919563,182.5773754460156,125.17220140414352,141.76185553689106,182.80777016841108,1
453,IMG_454,127.65120385924108,147.10531076366456,183.84735323254512,129.14182442506663,141.4563321736773,184.0496543622645,1
454,IMG_455,120.9260714781081,148.44176799667113,181.46613343196634,122.28140846405384,142.81342116487372,181.89915169897162,1
455,IMG_456,129.22121721152604,147.94318818107422,184.5590730929922,134.40313012747697,136.02280281038327,185.2433000967647,2
456,IMG_457,129.46510160292817,147.61660145567757,184.59354621565905,136.68505195843326,135.79506920779167,185.97336867348227,2
457,IMG_458,122.53568050014395,148.9273639616666,182.4188294328137,130.25530287784264,136.60539343932382,183.86101831354398,2
458,IMG_459,123.8824519331903,149.2150279776179,182.912406916572,131.9577592234607,136.16764693785217,184.40443384197755,2
459,IMG_460,126.70457318355842,148.52038369304557,183.75897176995247,135.08621453008655,135.96719661903805,185.57605151942042,2
460,IMG_461,131.48401738662153,147.30434280878563,185.49040273877756,140.70613805594687,130.8614208090159,186.37214731334274,3
461,IMG_462,129.4885863529799,149.46139925142927,184.88121581047176,136.44038168880846,132.02476041623822,185.3666351334677,3
462,IMG_463,140.2751483024107,150.04059909966765,188.62678278429888,149.33299058117058,132.7398511084605,189.82515526672972,3
463,IMG_464,133.23911161302465,147.9122906079428,186.0994541690194,142.2266452002415,132.130408532904,187.21388609378144,3
464,IMG_465,132.92065238750246,150.4645706425624,186.0024759284732,142.2517994488545,132.43626866285527,187.08316538477357,3
465,IMG_466,132.2483526587322,148.92021249425346,185.89554068549828,144.18649469647926,127.16015138688313,185.57352721478014,4
466,IMG_467,132.21572630845077,150.83352422688114,185.86390120013942,145.4036247630496,127.24661334319663,186.5775116741412,4
467,IMG_468,134.441675528226,148.83290951962644,186.57543113412547,144.75828748439594,127.51116556475102,186.47727587960608,4
468,IMG_469,134.77919681445152,150.2155101247997,186.77570048074588,146.82953056521936,127.41354538471965,187.27605837437312,4
469,IMG_470,137.17430985406406,149.2253196584286,187.60484344643746,151.47795251310515,126.91097308488612,188.43918770098233,4
470,IMG_471,126.87788287381767,150.69543167639364,184.01275910646007,145.82450592885377,125.28432147562583,182.40982495765104,5
471,IMG_472,129.05614811833368,151.5591467095995,184.90774803783458,150.19200589427152,124.9136857616504,184.4435070915454,5
472,IMG_473,127.78842895182764,152.12297264584845,184.35850883563302,148.20405715293703,125.07906156288587,184.56373258070207,5
473,IMG_474,123.41630968756141,154.31550402829632,182.82530949105916,144.73215766886653,125.60052652457716,183.62573479029174,5
474,IMG_475,126.38501788067005,151.26956521739132,183.82808206286467,144.83966244725738,126.0142089509178,182.69742868477044,5
475,IMG_476,125.26603051865257,150.03109447620614,183.5171718833546,145.17798349768566,122.40124773596297,170.9825719460656,6
476,IMG_477,125.89990093465995,151.25713916526684,183.63001249084724,145.86815695395615,123.02691992936211,171.1123314812422,6
477,IMG_478,124.19635674326136,151.28189005501872,182.81940912663555,140.4380423769878,124.21100392053214,173.96704990969562,6
478,IMG_479,125.55988722963747,152.03647416413375,183.5995771111405,143.1044594045091,123.62255455654453,175.73017665928703,6
479,IMG_480,128.46993177608095,152.01228934170695,184.64401572312835,146.8081597614422,123.38413229114896,176.24917543938915,6
480,IMG_481,123.45136221931052,150.79840057832197,182.88785975692406,146.3825936741661,121.70114753424095,157.67128696582074,7
481,IMG_482,120.13770082267304,151.4899427143903,181.52125597622432,141.87819270362235,122.81672912090279,163.30912693285092,7
482,IMG_483,120.52627637549007,151.1003920532135,181.78771860270473,143.10504668284457,122.62694854604533,160.329700160408,7
483,IMG_484,123.30232157470819,151.36232071327044,182.56626609811775,143.30555196623163,122.97708575612698,164.92539949175173,7
484,IMG_485,118.01249526694434,150.4126383104043,180.84391434221044,135.20347159409053,122.56376792867296,161.87479002455098,7
485,IMG_486,121.23804205312484,151.16719273539553,181.9817899286165,145.9959943145109,123.62953870009045,142.9628720334238,8
486,IMG_487,117.51020236442425,150.6317472337919,180.6722621902478,139.41486841538529,124.48442951285696,145.99577895507602,8
487,IMG_488,122.84507290427734,150.32346592661116,182.69507951191576,144.38624069536272,124.4673355217532,143.86596698876508,8
488,IMG_489,122.54646808868695,150.79645757078546,182.4647650300812,144.59322173322914,124.88150372228849,143.1166865462921,8
489,IMG_490,126.61966849010817,150.47978447744006,183.87944720931188,151.18057133240777,124.01077033110354,142.37797130716478,8
490,IMG_491,116.17405349528363,149.75625619158376,180.17319205754404,139.06528346768866,122.54645169816308,148.90167834016123,9
491,IMG_492,119.58914490133476,149.58499057583566,181.45516790398892,141.3585324723399,122.60190021799038,150.1279973676634,9
492,IMG_493,123.60330038081317,149.30738162095628,182.99884602069469,145.06435902596095,122.88416180317971,147.9080700342121,9
493,IMG_494,117.53707892896804,150.65467034096986,180.66548759922676,139.20526736505533,122.86861037485801,149.81122470444697,9
494,IMG_495,119.25289242290378,150.94295090243594,181.2793975346039,141.25344861465908,122.81697779524464,149.33853409314207,9
495,IMG_496,116.97202656470115,149.6358220970014,180.37572952304288,137.11620553359683,125.5545266327875,135.10766045548655,10
496,IMG_497,118.42943722943723,150.47144739318654,180.95275738754,140.43764332333745,125.60444522843535,137.25055565355441,10
497,IMG_498,118.70031469377875,150.10281149496836,181.17982501642632,137.83762912785775,125.6445385266723,140.61209144792548,10
498,IMG_499,117.32185219766919,149.06069094304388,180.56613756613757,137.7094017094017,125.45515525262361,139.48526813083774,10
499,IMG_500,113.96711024559126,151.0998232896967,179.28410689170184,134.32100899629563,125.65210795554772,141.27052390192273,10
500,IMG_501,133.68669509411208,145.61868458457164,185.90382047637507,133.60091938770674,139.3400786692574,185.42732571916022,1
501,IMG_502,124.37387804387201,145.24902394848058,182.84310726504327,128.70827548487526,138.5712061929404,183.68925911902056,1
502,IMG_503,124.99658618845885,144.36412618763623,183.0390326162958,129.93697673440195,138.5622028692835,184.0883924439396,1
503,IMG_504,126.7593924860112,144.4765450797257,183.55542934073793,129.80038860717502,138.93777546087864,184.01056821951568,1
504,IMG_505,125.81542663318797,144.19743623628915,183.2628518567464,127.53015288083263,139.29605099347643,183.3973905681988,1
505,IMG_506,141.6377896782143,147.2829723709777,188.70314203118335,154.30245012084734,131.65120136486422,191.95303540116583,2
506,IMG_507,139.38347982324092,147.11503909095325,187.7740008740834,153.01170560636936,131.05758020946874,191.41301360125112,2
507,IMG_508,144.15639069238424,147.81280508032793,189.67456518648405,155.09271223964217,132.3067817286405,192.17548457055076,2
508,IMG_509,143.20148398984114,146.94387729694736,189.20661321647327,153.72728597096102,132.0546787743408,191.78303306948962,2
509,IMG_510,143.76231263383298,146.5498730142921,189.28753548130072,152.4357613383252,131.98928960712763,191.25742855788826,2
510,IMG_511,143.96707619093866,147.89996600786674,189.6169572184723,159.41195248312314,127.60772410905857,193.22214663247684,3
511,IMG_512,149.0964908225068,145.9801655185168,191.28508021637617,163.2576118098383,127.50512310008256,194.43349681930752,3
512,IMG_513,149.50150261223357,146.88732719959313,191.50950113273845,161.02520273879475,126.34026125382411,193.68513572573204,3
513,IMG_514,146.42886310442708,147.59837657487176,190.35740251979482,160.59384256786288,127.15359588209586,193.5958820958578,3
514,IMG_515,146.88463063301177,145.5731465574204,190.33174750011014,158.8748023313604,126.35720417476166,192.942032259522,3
515,IMG_516,150.21279818250662,145.70074466742395,191.659262064033,168.16900164079263,121.68033993857546,192.24805418822837,4
516,IMG_517,138.1961255721485,145.82648296268897,187.39132645984557,158.22998986828773,122.32694594951764,189.7239769173164,4
517,IMG_518,142.07083388396987,145.32060261662483,188.65248226950354,161.51174268909637,121.92888578126929,190.81075967589356,4
518,IMG_519,140.38059997356945,146.52288445442932,188.12638209770495,158.7358831890425,121.39036051169401,188.62346556402636,4
519,IMG_520,138.55203661750429,145.35609598224605,187.48041980674094,158.02162208726364,121.95460223112374,188.83770512986175,4
520,IMG_521,141.6872186152315,143.2150135064689,188.3492725463248,168.61506654606538,119.28397295085497,178.96623164060819,5
521,IMG_522,143.14837572855012,146.0990828175123,188.86621786472688,170.10990705255276,118.87203206907185,178.7498788599621,5
522,IMG_523,145.40081618915394,143.4947620850688,189.54453279481677,169.59468214901761,118.66355336783205,178.76923724178553,5
523,IMG_524,142.56083904035836,143.59525347805487,188.62708360253262,169.98551016301067,118.61976252767157,179.059770577581,5
524,IMG_525,142.5622543806926,143.41245549956076,188.6233297887096,168.00512555455055,118.87866649437912,178.8905974070724,5
525,IMG_526,160.94796455144305,139.17852234491255,186.69522771432634,184.32477055310056,119.52143932404215,163.3354537949789,6
526,IMG_527,155.26228674464838,139.5742290443386,185.28369318969902,178.5815568397028,119.9257029087554,163.61855970475403,6
527,IMG_528,154.78318563101274,139.01170560636936,185.75465617743234,178.675620694438,119.66683619214943,162.75523602570624,6
528,IMG_529,155.95132932088526,139.76242832093266,188.21117482583765,182.07850570992647,118.77433075962827,164.06301724536502,6
529,IMG_530,154.90205452900892,139.63272601972693,185.35069130378602,179.7187005828401,119.6200243979578,162.88198617449058,6
530,IMG_531,158.39176794831246,138.45032304703383,186.36122531965842,184.1927692843982,120.48463721926198,153.95836860714107,7
531,IMG_532,156.74291781502734,138.48515790900464,186.54805042244612,184.41250621244296,120.51588126327204,154.385216644829,7
532,IMG_533,153.90534496001445,139.80865675687886,185.47842587990783,183.25559119866264,120.35625536529164,154.79672886639858,7
533,IMG_534,154.37819594063527,139.17388691109159,187.80123907716492,183.64376095919624,120.386332401308,154.92559594332022,7
534,IMG_535,155.27927586370313,139.91711293303635,185.06539974408796,184.4281551983684,120.50002428009518,154.39523138930704,7
535,IMG_536,160.35668032245275,139.96264481740891,186.73798511078806,188.25757085394608,123.28078043367701,143.70988025336354,8
536,IMG_537,156.95061672615552,139.46690462205757,186.48240184340125,188.0555196623164,123.3546969892751,142.5691519145454,8
537,IMG_538,155.92279986730486,139.34955689303825,185.5442870006161,183.66979070557957,122.90822124022726,144.30286990725003,8
538,IMG_539,154.70045016618283,139.28558206066725,185.4666161807396,183.12490847224018,122.89891028125942,143.6774777102985,8
539,IMG_540,150.78190607080234,140.7312923558125,184.68295341453012,183.01576431063444,122.86165309902226,144.15118232329758,8
540,IMG_541,157.53982740703927,139.5459268964894,187.35218903899155,188.91581868640148,121.43526716884719,149.91907845469362,9
541,IMG_542,159.19316329677108,139.04035064534602,187.1135632791507,188.1811814457513,121.40866041143562,150.10347561781418,9
542,IMG_543,158.93077777320775,139.34426027228233,186.86472257639946,189.3213074313907,121.5699308400511,149.9860358574512,9
543,IMG_544,159.73420338545031,139.37610371710386,187.3616315630788,190.95621922016898,121.69561288573622,148.59747887769393,9
544,IMG_545,158.2558037090877,139.42914409056868,186.7809788115061,189.5863940426606,121.83057764314864,148.3757415120535,9
545,IMG_546,150.2208295645432,139.4066847568592,184.8674247318775,184.03933695149144,123.93844924060751,140.6457570785477,10
546,IMG_547,150.82590769489673,138.57091169169928,184.78362573099415,179.91090227262458,123.55148420909954,141.2799891564632,10
547,IMG_548,148.5409398285739,139.07253305767327,184.0298918895637,179.5423024719286,124.17792950273517,140.16040801217457,10
548,IMG_549,148.35347345041748,140.28404557232756,184.0348784600831,181.3144208947186,124.24683617340462,140.248220948571,10
549,IMG_550,145.1935293870167,140.31578947368422,183.07623374984223,175.87152682255845,124.21520927490666,140.5124385930438,10
550,IMG_551,117.08712759977516,140.21874247169356,181.20669718140206,117.88750963102474,135.02807978768942,181.05992637616643,1
551,IMG_552,108.7572858534857,139.14385685180264,178.30729028257596,111.65728947127279,135.09630715660222,178.84211490882433,1
552,IMG_553,109.64506893693965,141.93317260604235,178.75401190386498,114.3378199642107,136.8151404341399,179.86602349645997,1
553,IMG_554,117.4764865062532,142.3764353104659,181.47180574855554,120.38813720471,137.2648284941125,182.10743801652893,1
554,IMG_555,114.861620097836,140.0696459663378,180.4219384793964,117.21796079102816,134.38952144508175,180.97037924835203,1
555,IMG_556,113.51987437432525,141.52851113946411,180.4226126214545,122.84977145759268,130.0338242762824,182.55226003047233,2
556,IMG_557,117.20835751596053,141.54622336456347,181.52814857806152,127.33445756042721,128.70183891431785,183.92315104794025,2
557,IMG_558,117.55152972390349,142.16333637343504,181.65890058867424,125.28611923110994,130.48427672955975,183.3185401718487,2
558,IMG_559,116.13384710780406,140.99557090973514,181.20604127912128,123.5690460918171,129.70576376798314,182.76440941995784,2
559,IMG_560,116.49903784477229,142.29671034545953,181.33785393567305,122.9160634106112,131.16558233299733,182.62402639054338,2
560,IMG_561,118.07452019593673,141.01702401027865,181.78286356701196,128.3619932012271,125.11906143769173,184.02014758311915,3
561,IMG_562,115.23403280491158,141.82030605699623,180.95381654906993,127.70475684294446,125.02258836035078,183.8572061298609,3
562,IMG_563,118.46237479667836,141.98262135091173,181.96002054618612,128.0212596332713,124.84090707768624,183.93843564531846,3
563,IMG_564,119.06865102396154,140.50145095763204,182.02736091534697,131.28571428571428,125.35942293342177,184.94303954895946,3
564,IMG_565,116.49034076776387,142.45427410662467,181.3413481469198,128.07867477099563,125.27874325828269,184.0036811916788,3
565,IMG_566,115.03349639333389,142.54232650692313,180.9481800845701,129.00222583682904,122.36512284907114,182.5902748052393,4
566,IMG_567,118.87266876325606,141.900826446281,182.09910041688,134.0291338023165,119.08384850422796,183.17245789810275,4
567,IMG_568,117.46990419074088,141.21355956995538,181.6139106267827,131.13671569672422,120.4979037873943,182.38257656505365,4
568,IMG_569,119.16446922323514,142.2094477510736,182.1869961576132,135.688992691931,120.71521133127402,183.95841181345588,4
569,IMG_570,117.3983032253346,141.10985153221677,181.58304688071382,132.84531558546038,119.98646968478022,182.81832809185988,4
570,IMG_571,112.15288947848437,144.09800182406101,179.86543404361163,129.63991377166073,121.87911450128513,177.19111184810546,5
571,IMG_572,115.06792188594102,141.10713452112347,180.87465961254182,135.28764153216093,117.58491929655504,175.42206697181402,5
572,IMG_573,114.82084638239782,141.6957359672368,180.79715731149122,133.41556251505662,118.28788243796676,175.11571508873365,5
573,IMG_574,116.41648831435664,143.34303569899836,181.3206917215992,135.9620869873328,117.75161661794668,175.28948533971123,5
574,IMG_575,118.00231144593785,141.2883314784693,181.78777501926206,135.4002225836829,118.23884941357761,174.99837342693263,5
575,IMG_576,117.57563564763291,142.99306566218647,181.69420426333363,137.27934252204435,118.47367519904118,165.31195959250064,6
576,IMG_577,118.72879034329253,142.86687783580172,182.10889478640527,139.57223846221987,118.5900434050846,163.67649924705466,6
577,IMG_578,119.05513226607312,141.96823902063178,182.15118568615702,137.10101874839484,117.59198698741547,164.4729903261707,6
578,IMG_579,117.76380446879548,142.0232856775961,181.7286191250749,136.52692406472048,117.56955740090746,164.25614245355706,6
579,IMG_580,116.82758325485831,140.61176269155038,181.3664069857033,137.77128177872265,116.17149437505536,164.5580653733723,6
580,IMG_581,113.26059412721514,143.18132009245784,180.4645150243986,136.3042243196188,121.35911298451389,153.08778521029964,7
581,IMG_582,114.690275435638,140.93792660403116,180.61695976873042,138.1069621777885,117.96755801814824,150.42439572793705,7
582,IMG_583,115.1630047259763,141.3284968078932,180.93441671503192,139.55716773070228,117.61296741563717,151.20371445153802,7
583,IMG_584,115.31075366885001,144.05629715612304,181.23008042450874,138.65970379248353,121.5484119510316,153.55431897953943,7
584,IMG_585,132.35556736646294,141.9685534591195,186.64469837895297,158.19434848082204,116.90335725042077,153.59810434936665,7
585,IMG_586,115.54275266474752,144.8368474286159,181.37749941647866,139.88251826869026,124.81723279531036,140.77981209347146,8
586,IMG_587,118.89417099392965,143.45257075989176,182.27038689387845,141.19337380238426,122.34432823813354,142.1660206245886,8
587,IMG_588,116.06286470084805,143.751497704816,181.37664358515522,139.3687919741315,122.39573833015504,141.97595555924053,8
588,IMG_589,116.78557974836133,143.21909138853312,181.4472236871845,140.48730505537557,122.95946658630302,138.91215249001732,8
589,IMG_590,116.2604261669845,143.88723986402454,181.5153801508996,139.70832976628714,123.09648146562795,139.65251262734355,8
590,IMG_591,117.53334474788117,145.03955140826983,181.9440972519476,141.79034329252633,123.44336957452273,145.17293039979455,9
591,IMG_592,116.97357203751065,143.60841148053424,181.67339206213887,142.0996495216444,120.94799658994032,147.62953490574975,9
592,IMG_593,119.54637257507308,144.7763309416246,182.51678625210383,142.80272831960315,121.68606608202676,152.59146071396935,9
593,IMG_594,120.4160687394809,143.50181592700858,182.72380193108336,143.48985738329347,121.10213482150766,150.0566037735849,9
594,IMG_595,120.783268385706,144.68858303623247,182.91800016582374,145.20604127912128,120.70227655239614,156.0822924971211,9
595,IMG_596,111.82416511648508,144.18770484542475,179.75170519975197,137.29736912038268,126.81344671804412,133.86863318274428,10
596,IMG_597,112.86636418114887,143.38198784350655,180.26949747453128,139.45116000342438,123.51348343463745,137.39782552863625,10
597,IMG_598,112.51990411779813,141.06549096823903,179.9599349370773,137.65446077250462,123.05829920501084,133.93640086726091,10
598,IMG_599,113.38408415642817,142.66192885248535,180.53810326828878,136.45278657649175,124.88939303141855,136.95077476243472,10
599,IMG_600,116.27390990122862,142.46157552397014,181.25391471934475,142.74291584624604,123.02020374967897,135.36323944867735,10
