,ImageName,HReference,SReference,VReference,HSample,SSample,VSample,Dilution Factor
0,IMG_1,19.12247445559203,254.93231309815525,210.25650746682695,27.090516194823483,35.39741659787306,189.27839557131065,10
1,IMG_2,18.897729899671738,253.76101530352767,208.64247075685424,28.881466167032777,36.9359090321747,185.69100228281002,10
2,IMG_3,19.278502821208598,254.4872722573976,210.16126114485076,28.743420769263903,34.79312572683809,188.28595425765602,10
3,IMG_4,19.509318860700912,253.7242206235012,207.24632925238757,28.21212904337339,38.398285738898224,187.15488650557782,10
4,IMG_5,18.212125036812655,250.86347763894148,214.45626656569482,27.97562131196968,37.55588577335573,188.6273851057415,10
5,IMG_6,18.09461904160882,252.34380916319577,215.17240944086836,26.59455593420001,69.22777567419749,187.45698178299466,9
6,IMG_7,17.646227038456455,248.83652702524117,208.16140258138407,27.062929297083866,67.23222144531732,185.4507465142105,9
7,IMG_8,18.29346724813885,251.44857054755298,215.05356592220608,26.62889262178576,73.13309213076624,187.97687039669208,9
8,IMG_9,18.582617505836748,253.2314875996652,200.9237919034404,27.874746952663997,74.01813326441831,183.24723263126157,9
9,IMG_10,18.621199114444494,254.28581755749335,206.04784710613112,27.58439936253607,80.79807899384072,184.02097600895894,9
10,IMG_11,17.89526562722146,242.9275389791953,210.65996872186153,29.69972439343966,47.81611168842904,182.70211900781638,8
11,IMG_12,16.984149545591592,242.71395959857,212.14562604987725,27.544770287500516,50.1237609509316,184.1809731419405,8
12,IMG_13,17.83623838365158,253.39197373896158,205.556058994868,30.332029113551265,48.85489503134335,179.63557574992637,8
13,IMG_14,17.073751525095712,245.32180571332407,206.66620387900207,29.706661426606406,46.626488504617804,176.10249557869915,8
14,IMG_15,17.711977786192097,252.1024864319071,207.8592284067483,29.415991444906016,52.58178752107926,184.79364948792826,8
15,IMG_16,17.06516777545768,245.66634293206428,211.40193269557616,28.602341121273874,95.88332306525757,185.8375906355149,7
16,IMG_17,17.601599704100977,248.2837394239216,210.88598640713857,27.231619752433815,97.61741773490155,177.00872208272764,7
17,IMG_18,16.948608137044967,248.241770828146,213.78940291818137,27.432525615500413,100.92439178361579,182.37823532268246,7
18,IMG_19,17.85805856358957,247.8729179818385,212.09979119118148,28.001941053276806,99.13260458701538,178.21412882464116,7
19,IMG_20,18.044073740581016,253.38216198284442,208.13975640964884,28.182076678830388,104.83469977726175,177.16312023126866,7
20,IMG_21,17.81968101929246,247.60665070257082,215.68906158225275,26.045910583013548,136.84113921124415,181.2951130426742,6
21,IMG_22,16.947894031161866,247.33533681631144,205.60062878542698,26.55804706643858,140.32396319755884,180.7424753802765,6
22,IMG_23,16.921567698213355,246.8428510497133,208.93019288185394,26.214434324286838,144.53160109112764,181.8126589301401,6
23,IMG_24,16.763511872966543,246.80250570582237,210.2911183411839,26.405277187909455,140.0546694980346,184.77287308543802,6
24,IMG_25,16.98400951499934,247.4149156424827,209.96387824324918,26.105876369688843,141.5250358315225,181.601276064543,6
25,IMG_26,17.319721598167483,247.442932029426,214.25042949649796,25.11924584820052,171.8499185057927,189.3936830976609,5
26,IMG_27,16.614213197969544,245.8106128002512,214.6326338374588,25.39101638364623,169.39101638364625,185.72959513968428,5
27,IMG_28,17.907784755794516,245.79916866217866,216.61008448922425,25.82184972665251,166.80097591831202,185.19003298242444,5
28,IMG_29,17.441262885314476,246.84308550370997,212.99576714307057,25.289148827962457,170.13662212769893,192.6140829441953,5
29,IMG_30,17.813491146146376,246.36275371029637,214.42341301031024,25.499098432659856,168.83591474409357,187.93855471820243,5
30,IMG_31,17.51273752831846,245.7464977576402,211.5022885940173,24.989608119263828,200.9768367892002,189.5679114262128,4
31,IMG_32,17.91571501225207,246.54981737482083,218.01285311387488,24.867020520354487,201.87654613525424,199.74361404672766,4
32,IMG_33,17.008692274073713,246.79565871898217,209.13519156995096,24.6202075731008,207.0417989668736,188.43206483105067,4
33,IMG_34,17.903996503666296,248.43053464769582,215.0673529840237,24.792798084308497,205.06198888537477,192.83400352414947,4
34,IMG_35,17.44291739727975,247.01900383868062,217.36917681626463,24.98002681584909,203.05187479772528,189.06246243469417,4
35,IMG_36,17.101994228367143,247.53163630098635,218.62303484515655,22.98186713786865,233.35550506962852,194.0073625310278,3
36,IMG_37,16.862061175620116,247.58871368544706,214.64510007680838,23.00112953508336,235.22044006686846,198.73912257714724,3
37,IMG_38,17.8174513021162,247.20711851571374,213.56291808658335,22.990739544299437,232.70823103760176,196.92001550587932,3
38,IMG_39,16.592214156918953,246.68888991631604,215.39035554117157,22.968769252642055,233.25449030851618,192.23425430074403,3
39,IMG_40,17.005393439323807,247.89969812839607,214.8744616623063,23.16071644194003,232.66600925739584,196.24693097202658,3
40,IMG_41,17.79058448550631,247.9446956971185,222.7317052160055,21.140672782874617,244.15738467502263,201.70711116854028,2
41,IMG_42,17.058683839806804,247.07808412155364,216.3026363453411,21.400896639657795,245.18652572697735,200.01900217990377,2
42,IMG_43,17.93263556876427,253.70207175776372,197.077227893354,22.986957802179308,253.98014220202785,187.3205435651479,2
43,IMG_44,17.010854474315284,246.01750178804326,209.45980058058817,21.59248491255892,243.46319545394476,200.0009250693802,2
44,IMG_45,17.857274954921632,253.77812196587914,195.5867585186555,22.94818451996382,254.05504587155963,185.37252875048455,2
45,IMG_46,17.702326033118048,244.76647404457825,215.6938765599961,19.47826531133473,245.23374367880677,201.42115748071717,1
46,IMG_47,18.00515395797542,244.8368794326241,219.5299766530109,19.98058162651995,246.36955014101437,210.940542789773,1
47,IMG_48,17.945831951092366,245.89815648547463,217.0056869342685,19.99356387597691,247.93022424273383,208.3271696378403,1
48,IMG_49,17.849803331229058,246.1264507356869,213.78123634244648,19.803495841840547,247.5227827299437,209.35979283900204,1
49,IMG_50,17.553623051040233,247.00488128524714,212.74043884176106,19.29252392621018,247.5071431873873,203.05894863377873,1
50,IMG_51,15.85011068625478,242.7525860334071,153.62584020929765,27.326779911981244,43.851684284127835,140.13005388064,10
51,IMG_52,16.35999263216062,242.2166881561982,150.37878062258244,29.032734546293803,43.29914990191176,134.6296111089741,10
52,IMG_53,16.067860736566715,242.25510163010665,152.80720466894746,27.901710605755685,46.269309720265646,136.92634332863756,10
53,IMG_54,16.368888717928993,242.4860176174174,153.14636304188946,27.66144978753839,51.21915099499348,135.26113845765494,10
54,IMG_55,15.978788488629503,242.33302475347153,149.8244717246931,28.017991547595088,44.80458844837995,133.98072046689475,10
55,IMG_56,15.873785182380411,242.69615886238378,151.06083554209263,26.38724139349319,102.02706371077201,136.3576276066302,9
56,IMG_57,15.830790903602335,242.3663916280942,150.88412155363253,27.150363957444977,92.71568247404919,136.1797820562519,9
57,IMG_58,15.595897528577238,241.81462070211902,147.11245651289929,26.250830914215996,99.05094871471245,136.10366443687155,9
58,IMG_59,15.795829673124047,242.47279116001664,149.3470803088446,27.2192772098111,86.44436030123269,138.92414489461063,9
59,IMG_60,16.046419159461834,242.77867677655001,154.86319293541078,26.8927845298875,86.35643609090498,140.44259702706367,9
60,IMG_61,15.351518794211476,241.36876415923066,148.74709880253363,25.987210231814547,66.00222979511128,134.26736505532415,8
61,IMG_62,15.674196900555732,242.29309176343017,149.90511905299778,25.19425821576934,62.60477933615761,135.6869164644429,8
62,IMG_63,15.338950128684504,242.59398824843393,147.3369591608799,25.708797762513882,70.97684366388351,134.258873853494,8
63,IMG_64,15.79772527624948,242.5442230338897,151.37024365435295,25.937890338975752,65.13955291381315,137.63345824180558,8
64,IMG_65,15.371165228391995,241.54095694212262,146.44295847829034,26.050695610974717,69.94887367015549,132.06038678554506,8
65,IMG_66,15.935894161516066,242.2611227460796,153.51039485110078,24.891370854173747,130.33108337784685,136.90292817947847,7
66,IMG_67,15.785075547332717,240.05012995022247,149.76763138187746,25.24601274115574,127.14747210048344,134.22464193737858,7
67,IMG_68,15.089437777003138,241.24694985309497,148.62362432149794,24.53831571963414,126.30377707217667,134.86867920951613,7
68,IMG_69,15.57154745942947,241.15414489805354,148.5675713162883,24.619075588487778,128.40798807210953,132.32729408575432,7
69,IMG_70,15.460010683241878,241.43631331034817,149.12023503132133,25.549857678579496,127.41345502191298,140.65657615325532,7
70,IMG_71,15.786061937373477,241.9076969462032,152.1277512167808,24.246665825234547,170.56708317556482,136.81425386006984,6
71,IMG_72,15.42919425821577,241.33274379961338,149.57857936083576,24.911141678129297,172.14234623698172,140.63313028099824,6
72,IMG_73,15.011747164866941,241.59797587313062,148.05864546152804,24.36985308915275,174.59822901992354,136.06983296437915,6
73,IMG_74,15.398242121109115,242.7721555868499,152.89166221531588,24.839478437073257,166.33320118056474,143.83859741861593,6
74,IMG_75,15.796292015349762,242.3813861019927,150.76494521244626,24.840861805908734,171.8950483147626,139.1917795552268,6
75,IMG_76,15.948442951285696,242.44299435758282,151.2305207391136,24.337699981178243,206.85733107472237,140.67532467532467,5
76,IMG_77,15.314524352935463,242.70222891273733,158.42864080027195,24.240168841796958,204.4768057888616,149.40487573760606,5
77,IMG_78,16.371735285649653,241.7582774647308,152.18919919384692,24.00020565129766,201.00958335047093,138.25323900793813,5
78,IMG_79,15.574120092170062,241.4753535444811,148.82727149505263,24.02615686425357,203.75951071277456,141.56587298534447,5
79,IMG_80,16.27285141623717,242.59935685652616,155.81705651733404,24.098462333634835,203.1933066287634,146.46599474522978,5
80,IMG_81,15.870886745077309,242.53887493942997,152.31373067265758,23.07909461904161,231.13147376835374,145.2727922924818,4
81,IMG_82,16.571037906516892,242.79645757078546,160.63637511043797,23.984683504269643,225.68327836262594,154.46256720733746,4
82,IMG_83,15.675913793882438,241.7231735417702,153.23679573487553,23.173424568865876,230.888852928938,147.3071339405428,4
83,IMG_84,15.474859011421259,242.39438889152174,155.62186626226244,22.999030879696928,230.7637108497423,144.34809039249373,4
84,IMG_85,15.998883115621814,242.32311950662847,154.37376778516972,23.33785128666888,235.20624614947158,147.43941045448082,4
85,IMG_86,15.383551385401525,241.90295581692436,154.56900577067088,21.55926259418985,239.14141509881048,143.4268044168523,3
86,IMG_87,14.113191574124794,241.18694288133062,142.96210348090236,20.97581950159508,240.38244948911185,138.4759813213741,3
87,IMG_88,15.936302365534559,242.05982115325315,151.85661424606846,21.453328047222588,239.47403198097,145.27197039777982,3
88,IMG_89,14.445622449408894,241.78976818545163,148.72649249021836,21.03224527553852,239.37764856173737,139.71269988106252,3
89,IMG_90,15.043269797602672,241.41312635095304,145.87506386323443,21.691165224391227,239.04274501911854,137.90718454417387,3
90,IMG_91,15.531464013438429,241.80341990782617,151.85084205539044,19.395180829038367,239.90696445090524,139.14193207347694,2
91,IMG_92,15.301130421791743,241.3703002838504,147.73676609730592,19.920021366483756,240.31952605254213,137.3442431894333,2
92,IMG_93,15.048037357251838,241.64395025197652,145.3470803088446,19.972213436949353,240.52577599060226,140.51524872362535,2
93,IMG_94,15.454812568124733,241.472015544287,147.25065162788493,19.960958119615558,240.9790847069369,143.95099845625217,2
94,IMG_95,15.00258951247448,241.45894128778448,144.27020566704846,20.04387114263769,240.21452130303166,138.91221253332128,2
95,IMG_96,14.780910857305342,241.26884981754418,142.17174541490925,16.806201154415895,240.50263063799358,133.69464167134902,1
96,IMG_97,15.344260021267742,241.8030884460678,146.15590179851125,17.45724275239159,241.4949254601078,144.93609478949156,1
97,IMG_98,15.698133228532129,241.85505993318924,147.1708783651012,17.64250352183538,241.38241094787685,142.73141477158381,1
98,IMG_99,16.086858522841617,241.75339102435098,151.49027973435298,17.792272086939022,241.11386596900786,146.49631716643188,1
99,IMG_100,15.55206361226808,241.3387184988851,148.3266439479995,17.08393276147248,240.35892602992652,139.6126091472093,1
100,IMG_101,19.497068979362403,254.6865815466153,154.06311732112744,29.481249498112906,43.90235284670361,133.72070986910785,10
101,IMG_102,19.62677974013849,254.83918151404342,156.61899945538008,26.664819722155304,58.20051393238577,134.50501887095479,10
102,IMG_103,19.485863527070723,254.61595224276593,152.47690904568444,30.79841282190928,46.034700070022566,133.00505718509297,10
103,IMG_104,19.30498716253015,254.43320625534895,153.20765580020228,31.277989574418424,41.91605072745662,135.29448377810627,10
104,IMG_105,19.680629850071576,254.5912001808182,156.46025766593837,30.554433813003843,43.05763580200407,136.31093196715136,10
105,IMG_106,19.324102479064756,254.87455434872732,153.54008788657657,29.383801447132964,76.12137244223139,137.54664280712674,9
106,IMG_107,20.20169506035442,254.97097851211367,147.4999571954456,35.40958461155791,74.81784263328082,134.57980266976205,9
107,IMG_108,19.978370808371587,254.8924764646386,151.721932622734,33.265898350053895,78.97255617278833,133.0994942376254,9
108,IMG_109,20.88299555488586,254.33406162887064,148.10223762525428,43.192242833052276,59.46583152653979,135.38456596803982,9
109,IMG_110,19.894402955111218,254.63639283706738,153.21978639685216,34.46886659480972,68.60086228339276,133.84346239946936,9
110,IMG_111,18.985915492957748,254.8397555142174,156.6787137921871,26.53875453981752,68.23562760209053,137.68996368145983,8
111,IMG_112,19.28490711411694,254.63222326855578,152.45484119510317,28.169334817224552,60.15058642239534,134.36606454926803,8
112,IMG_113,19.028956290662514,254.99156968752862,154.2113992486026,26.94144336957452,67.29809091687356,136.70370687441144,8
113,IMG_114,19.178175618073315,254.94269205266647,150.5994127119447,28.828439345946407,56.05735810290215,131.20811574351512,8
114,IMG_115,19.141665903051408,254.93631448730872,154.38733620452672,29.18940712911207,58.44057546046,134.87876844130852,8
115,IMG_116,19.36238816547081,254.69944193462663,156.7947559571264,27.177677998717126,120.53037661504628,135.1353431686979,7
116,IMG_117,19.769082745349582,254.4948226885366,153.30825620819206,28.74121436014019,109.64658520412996,130.36023491522212,7
117,IMG_118,19.617220801364024,254.85185185185185,151.83622241166998,30.358056265984654,103.30179028132993,131.14416974519276,7
118,IMG_119,19.453214622035784,254.776132180464,152.7947093570756,27.73777929971749,111.25785463573324,132.02919270610394,7
119,IMG_120,19.52183385431467,254.76858956142843,151.28237188595244,29.904059378722625,107.67185925043526,134.34151928892146,7
120,IMG_121,19.330764460979715,254.3506067853663,151.31269377269908,27.29560825271809,162.96053420083896,130.16274291584625,6
121,IMG_122,19.71680506805924,254.91952743771938,156.63907199726052,28.002653882373085,153.74171731872272,141.07995890762777,6
122,IMG_123,19.241545893719806,254.87894288150042,153.77503078526095,27.653379395872086,162.8795287447958,136.2434228009567,6
123,IMG_124,18.97063559723406,254.91882163493418,154.55650279435446,27.555934451075117,160.332764990054,138.82532916548263,6
124,IMG_125,19.39123362725794,254.68983819878434,155.77382073452614,27.449729825493844,163.6216671095757,137.06377889981397,6
125,IMG_126,20.02719509161761,254.56355194428323,147.13680457673493,28.73743686328225,197.38395685300915,129.56493450903176,5
126,IMG_127,19.497754971135343,254.40841198570513,146.29918445890223,29.27700907174929,193.0175936955924,127.02409969760836,5
127,IMG_128,19.995737425404943,254.99962110448044,162.6779388083736,26.970952075506275,202.17667002657382,141.3226427196921,5
128,IMG_129,19.505446623093682,254.92185279909066,152.5936345552714,26.986254925318427,201.26674608265373,139.5647393017502,5
129,IMG_130,19.82870408755493,254.4104137302048,153.04750849846613,27.921667665439603,203.0717404331821,134.8870815854807,5
130,IMG_131,19.510401506720314,254.39226093656364,152.28473589589933,26.145908616397655,246.35116036296475,139.60660081907974,4
131,IMG_132,20.168134886804964,254.93700861987307,159.41081746708346,27.065060020159443,241.0289562906625,145.21176578392743,4
132,IMG_133,19.4048454755586,254.4616043146991,153.91396284564678,26.271762811404756,247.42455242966753,142.38107416879797,4
133,IMG_134,19.413712544438802,254.99014728288472,154.63555104113763,26.538599981055224,247.79369138959933,137.74225632281897,4
134,IMG_135,19.744624419816237,254.86028227716207,156.90518139622998,26.135343168697883,249.23146705763767,143.47127279391552,4
135,IMG_136,19.11411694204263,254.79445252974918,156.54909682390206,23.986254925318427,254.80802712361404,141.2848895812334,3
136,IMG_137,18.950833264240114,254.8253876129674,152.0960119393085,24.587810166225005,254.95029310206377,143.68907090660886,3
137,IMG_138,19.941354348025293,254.99138641986622,152.46907358196646,25.351046698872786,254.98768589561428,140.44662309368192,3
138,IMG_139,19.215706038669477,254.65719783744157,155.26115641894987,24.82665529980108,254.82040352372834,142.477597802406,3
139,IMG_140,19.488882983435204,254.9961024005669,152.8955620515546,24.984590360414348,254.994606626145,143.3628114031333,3
140,IMG_141,19.87911993836144,254.8518106326513,158.899066860714,23.442855919869874,254.84436264018493,144.3394401164284,2
141,IMG_142,19.642838798048114,254.83083640099306,151.09853608423936,23.964265638801894,254.96747771621295,143.60836746165583,2
142,IMG_143,19.586056644880173,254.99488491048592,154.5312115184238,23.80467711931969,254.9997342545841,147.77154752413855,2
143,IMG_144,19.23846221986004,254.92532553813447,154.82265922579504,23.015394483643362,254.99770915421973,144.6774489141391,2
144,IMG_145,19.50881388962707,254.84710780405706,150.5965984586766,23.363236506918355,254.83689178044534,144.360029322826,2
145,IMG_146,19.0977943130481,254.95712640623617,155.28151297723448,20.694515487354362,254.99289570900825,148.85933503836318,1
146,IMG_147,20.397141024466233,254.97855768349675,149.8548520113626,22.061570521928576,254.9769820971867,149.6722553755802,1
147,IMG_148,20.073221559155062,254.9904328881311,151.2627640428152,21.852102996426282,254.99624301292036,145.2105745441217,1
148,IMG_149,20.58205809584899,254.91386419866214,152.63511408411986,22.09235449995093,254.97487486505054,147.57257827068406,1
149,IMG_150,20.110216900579054,254.6485425458828,148.39768377662185,21.89078336648669,254.65473145780052,138.6230936819172,1
150,IMG_151,21.870389754325473,247.029185394988,226.8303675882027,26.808954657560236,48.574969961424145,210.41826345412002,10
151,IMG_152,22.251831783757158,246.52496767440428,232.4476941075057,27.26227801990503,51.789956417094906,208.23664866974565,10
152,IMG_153,22.048538466136648,247.4089903759938,228.2573375575348,27.266304022954152,50.317532428716596,208.383585390639,10
153,IMG_154,21.955716101411465,246.49715700046826,223.7057328249381,26.8113575749691,50.8793338970923,204.08547453327262,10
154,IMG_155,21.960412318978054,246.419212040726,223.2872952633909,26.938791892434278,51.45916114790287,203.8955782995518,10
155,IMG_156,21.78345398138573,247.3611857980007,223.37786970010342,27.330858251388054,83.84520703726001,205.08007224563517,9
156,IMG_157,21.871699413995174,247.08859014133057,224.61178903826266,28.014753533264393,79.68597035504999,205.63674594967253,9
157,IMG_158,21.942985177524992,246.88052395725612,220.0343329886246,27.655294668539703,80.451200749214,207.84139407318216,9
158,IMG_159,21.89975870389521,247.75049982764563,223.56428817649086,27.981002073717306,76.6055923473142,203.8039333734698,9
159,IMG_160,21.533540158566012,247.24894863840055,215.91230610134437,28.180610889774236,75.98697274394486,203.98090178966672,9
160,IMG_161,21.72981959238963,246.47854196170186,223.22055292161812,27.72250679820401,62.14247770821476,207.4211092139379,8
161,IMG_162,21.886099004748583,247.06485396474338,221.71905288492812,27.338573734233965,58.63787434993126,204.7975969872676,8
162,IMG_163,21.536849362288866,246.28817649086523,223.81089279558773,27.710883671148572,64.91932570740518,207.8195197003144,8
163,IMG_164,21.938468348826916,246.15967874533612,224.95661797255423,27.66166537151055,62.12224281188355,208.37724908840934,8
164,IMG_165,21.946440313228525,246.02486699742963,223.6564050451312,27.989241379310347,61.44750344827586,208.53809655172415,8
165,IMG_166,21.884246429332766,248.82334967668587,223.90755347118596,27.7109505652552,98.29139072847683,207.84159475550203,7
166,IMG_167,21.985177524991382,247.97821440882456,223.87749052051018,27.48907273354016,98.07955877283695,204.7279558772837,7
167,IMG_168,21.977972003126553,246.19697292688127,222.39970155617138,27.68105024500841,96.71067066481386,202.52702406202005,7
168,IMG_169,21.735025232209463,246.3803846997733,224.91325970891538,28.13358914232928,97.44205215661195,214.08455908477225,7
169,IMG_170,21.98635685354935,245.99673132949619,227.21658494990407,27.489803169189226,99.02543878348611,208.5517657926526,7
170,IMG_171,21.97868258367086,244.11149008740142,225.2595750728345,27.127611168562563,125.0739055498104,206.18435022406067,6
171,IMG_172,21.914174861194727,244.36858652752693,225.18335674627065,27.089905679309652,122.2430262893839,216.12529266171651,6
172,IMG_173,21.831230610134437,244.09010685970355,225.08879696656325,27.016322162017527,126.14616362298482,213.2158003879858,6
173,IMG_174,21.765721594542743,245.192638385561,222.77929368293897,27.22088434008964,121.90614756839922,213.58184493946084,6
174,IMG_175,21.952579197293957,245.16106160150915,223.05288492812073,27.091968286797655,124.13216132368149,209.5042399172699,6
175,IMG_176,21.83343367449328,245.39474212321895,222.22616897451334,26.944611679711016,152.19666867348985,211.51187370392668,5
176,IMG_177,21.06356428817649,245.6799724233023,224.621647707687,26.857477395433552,152.86320171729656,213.8844077278345,5
177,IMG_178,21.97029111124395,244.13539362783192,227.5665610616295,26.823533033680192,153.5732405640047,210.52342836032264,5
178,IMG_179,21.83217329083458,245.4745983217329,219.67670591296428,26.93362477679946,151.9070870020319,213.73893233175298,5
179,IMG_180,21.980332637703157,244.9241763106305,223.14266742553596,26.87478656801366,154.78549294883956,211.89824827673434,5
180,IMG_181,21.977464441844713,244.21174804507112,226.34400591096608,25.98284416283101,179.06677027915595,217.6054755215494,4
181,IMG_182,22.197879398946203,243.8317829961621,232.98686007935993,26.337995186365706,177.3399466597281,225.40180836531582,4
182,IMG_183,21.90699758703895,244.3957945536022,226.2321268528094,26.02087096126831,180.53782861729883,219.39039400628803,4
183,IMG_184,21.9964873479477,244.5157744096793,226.95739283158784,26.013343451590462,180.2804022007209,218.63542654777714,4
184,IMG_185,21.97046770311585,244.4829246080791,229.17179470500227,26.00132802124834,179.9585783848732,215.37134003667867,4
185,IMG_186,21.995762979826726,244.1563903117688,228.67178903433884,25.376146788990827,205.02579890400838,222.0783203004741,3
186,IMG_187,21.290204621489146,246.68855520112035,225.73679296662257,25.310781285316054,212.61817222933774,215.2172078655918,3
187,IMG_188,21.98145384779365,245.98500675051517,223.22326440702054,25.25824617860016,210.83924522782127,216.30271337672787,3
188,IMG_189,21.10555262563098,246.40977925111127,220.7845249755142,25.550720397864403,211.26950925181015,217.1974694653697,3
189,IMG_190,21.958359980103744,244.5746464861792,229.89959496908975,25.121793505293827,208.75840261493641,214.06878419668868,3
190,IMG_191,21.78131678731472,245.4208893485005,225.23467769734575,24.67459496725267,224.13098931402965,222.01358152361254,2
191,IMG_192,21.908689544451136,245.2594822396147,224.11639574553482,24.590340491002742,225.8575155528798,221.05117399157135,2
192,IMG_193,21.70224060668735,246.03123061013443,224.5448466046191,24.72800856244565,224.59054117332263,221.56311458960465,2
193,IMG_194,21.904853265117602,245.0529382505507,228.36900447665744,24.432032970937257,226.03233141476588,218.5781283308463,2
194,IMG_195,21.99407591603891,244.7779565567176,234.90411760403714,24.225334601038544,226.27024062020038,219.2883785562788,2
195,IMG_196,21.902654867256636,246.28033350398596,226.1855481606085,22.983983032253345,241.7385358004827,212.77627440942,1
196,IMG_197,22.134657836644593,244.83677837982475,231.70626797779116,23.78214408824543,240.7376766632196,226.31140985866944,1
197,IMG_198,21.912053600468354,246.3934820789696,223.22155727574318,23.276734332511225,242.52760387023335,216.47543160690572,1
198,IMG_199,21.99658840056191,245.55395009699646,224.2377416549602,23.461496035849706,240.73312650810067,225.80572216477077,1
199,IMG_200,22.05331056725479,244.41345728198317,227.37228862328465,23.635742743312463,239.5651046607222,221.64472269651552,1
200,IMG_201,18.945876495623544,248.75154581225408,155.99325463743676,20.014615997874035,248.40552750465054,153.68526884577906,1
201,IMG_202,18.863367862340553,245.61972433866964,163.13491995548327,20.003896857640328,247.45245004560152,155.3817262250228,1
202,IMG_203,19.075323215289487,245.744559543885,166.0498675018068,20.214078434623996,244.31307520106128,163.93126606417377,1
203,IMG_204,18.384959787745625,245.76668601276842,159.0014095016997,20.01111018986817,247.10480059696542,153.79321780946853,1
204,IMG_205,18.962980807837468,246.8215690998153,162.41379587248053,20.160345860799588,247.29672117113262,159.01660816710898,1
205,IMG_206,18.05033844238699,245.2025986151093,158.63378199642108,21.451645530226408,236.45623589823387,155.70831712440676,2
206,IMG_207,18.584844005290595,245.8978448611219,160.8807282346534,21.75668513611178,236.9250782943869,156.8226933269092,2
207,IMG_208,18.51408269839911,244.6184402020375,159.90240561595755,21.856479562225353,235.17262250228006,156.14136472929277,2
208,IMG_209,18.45158804896841,244.55389093399538,157.61903946579915,21.310675455868505,235.84872870473419,152.26273435493536,2
209,IMG_210,18.739662700111293,246.66192962931257,160.39885283794194,21.618439598706576,238.86443910123538,157.66495315479645,2
210,IMG_211,18.250542038063116,247.02015578575444,157.4417409459568,22.00202287403719,222.1217614564693,150.10378899867735,3
211,IMG_212,19.014390115271603,246.49114744217584,160.8440443004596,22.053492051533187,221.08016273638214,154.50199653431778,3
212,IMG_213,18.132819400947565,244.863567011965,159.08134586043525,21.997912149682808,221.83096442624267,152.08311250301134,3
213,IMG_214,18.542502585315408,244.78531540847985,161.34594967252673,22.013287856178497,219.05450152774816,154.59575072834505,3
214,IMG_215,18.57375850215754,246.43699261317926,160.69384919183793,21.997821520267642,220.47008480510388,151.9024352291294,3
215,IMG_216,18.750421585160204,245.49730988516822,160.09411386814423,22.714526620091544,191.35846783907493,150.73339757488156,4
216,IMG_217,18.49980549288104,244.7327472185482,165.61464249591535,22.15151058539893,189.09515557899496,154.15452422210504,4
217,IMG_218,18.88141339561516,246.0458826188503,162.26286446168913,22.492180813817786,189.84649498171632,150.29572862366763,4
218,IMG_219,18.9952535221879,243.4467716416786,165.86657123483764,22.194397718130624,185.65501353031522,155.51736999926862,4
219,IMG_220,18.848715437354027,245.20206434114368,163.72997815113388,22.68522564604837,187.83440066300008,153.2224063889098,4
220,IMG_221,18.956968742227012,247.64447392421854,155.79462731116823,23.043403818166254,161.9077989898125,144.29869018063522,5
221,IMG_222,17.829480024802905,247.08379838781116,163.53742581273806,22.628798904203407,160.13491995548327,149.34663128156836,5
222,IMG_223,18.957761182044486,246.02746326186463,158.25014052838674,23.18874970823932,157.09476386835757,144.74433984283826,5
223,IMG_224,18.93988889810132,244.43719426249896,162.0763618273775,22.800289086966995,153.92451618083996,148.91431783505982,5
224,IMG_225,18.61707045629655,244.12755757212568,155.6185258111463,22.46919824226847,154.83890224691154,144.4956471271039,5
225,IMG_226,18.78173443174772,244.85384002125963,162.756488617238,22.955740090745657,115.04922523756528,148.03698313500556,6
226,IMG_227,18.75018655169555,246.33629052317386,160.87695879280324,22.77750192620495,121.6529406728876,145.04134919955484,6
227,IMG_228,18.606076711843386,245.28195588626096,160.2365134201435,22.884577907697757,121.18026397377979,144.19948622552928,6
228,IMG_229,18.553459119496857,243.76100628930817,161.28665072194173,22.898839578350607,119.16104172203029,146.00894676233503,6
229,IMG_230,18.895262530926416,245.20186933015668,160.896820306057,22.85454867570201,122.03215519532289,143.38710248914873,6
230,IMG_231,18.506544607725047,248.57737091463903,159.13418453384728,22.998956074841402,87.50590219224283,139.6834497711395,7
231,IMG_232,18.69862683690677,251.15201156347868,158.5936722075002,22.77188205088306,89.6621800357893,138.19201742783787,7
232,IMG_233,18.950350335267082,250.14985308521057,164.01687636555414,21.73050553755745,88.6006931364424,143.41723800195885,7
233,IMG_234,18.864610937123583,248.8934393318879,162.78181964185336,21.630932305468562,90.68320886533365,143.60868866939694,7
234,IMG_235,18.9481800845701,248.9774479728049,161.60293508000996,22.537600530635935,87.7621258602106,141.90705579968494,7
235,IMG_236,18.790331646992694,247.77475307154901,159.21922428330524,21.745584688399596,46.64553022640629,135.72986851318757,8
236,IMG_237,18.923140701434374,247.01890390514882,162.14012105132244,21.519955030916247,43.99076527744319,140.19529430659279,8
237,IMG_238,18.887820247077357,246.32700439432884,162.67233231075366,21.9916103073367,48.68273264275319,139.77501926204948,8
238,IMG_239,18.570931100240443,246.67365890058866,160.00986651189785,22.21247957675251,49.977592779895744,139.00217847973235,8
239,IMG_240,18.803250145095763,247.03117486112262,161.33985573335545,22.377820605476593,43.905404320244116,137.41861398859712,8
240,IMG_241,18.94375481551237,247.2174471363753,159.1158291242188,22.593852422712374,71.88404641686597,140.19789175303393,9
241,IMG_242,18.71511041876661,245.85027031980206,159.6503253001008,21.240475986644977,61.689666980566734,142.07259652427018,9
242,IMG_243,18.884256484889992,245.40818423080216,156.61253317352967,22.85874497046486,68.99323688040407,137.31949319407585,9
243,IMG_244,18.9001797791285,247.58462460405786,161.03766800787605,22.76252033216334,68.31889393031419,140.19912678709014,9
244,IMG_245,18.877402781468685,247.88856408893614,160.6904951722916,22.240322437771283,67.1355301621047,140.5927894410488,9
245,IMG_246,18.997665914572472,246.99564304053527,156.96685598692912,22.71179635429214,39.77515458122541,134.97783666586363,10
246,IMG_247,18.962498996225808,245.5850799004256,158.28940817473702,21.578976953344576,32.91889504537059,134.76118204448727,10
247,IMG_248,18.72970732111765,245.5201061271868,156.13854572589338,18.927176534661168,36.67532871703104,134.37290904847117,10
248,IMG_249,18.78036647044192,246.27427244838736,157.0012436779703,19.69854653497149,34.152172167349235,135.9604914478439,10
249,IMG_250,18.93228319493194,245.7566133036555,158.25828268127728,20.537453985104015,31.52957794709357,135.5289786833319,10
250,IMG_251,16.000516862643753,240.70487143041737,191.31537235646294,17.8855116514691,238.93048764371613,189.54314787894808,1
251,IMG_252,15.95516200442745,240.57601126987322,198.6374320788891,17.997730507366235,239.40935492556832,190.79966919259914,1
252,IMG_253,15.921358943774935,240.33286719039197,201.83547896187224,17.369126071413188,239.87603910927336,189.2373691691433,1
253,IMG_254,16.314067216743812,239.8789293620447,199.27780237472328,17.99958869740468,239.13988401266812,195.24850902809197,1
254,IMG_255,15.65912691103334,241.7017130226561,196.57797016025052,17.51906644080557,240.8598908338039,191.11601731601732,1
255,IMG_256,15.999795678602442,240.06691525770037,201.75379271594218,19.9890941686171,237.24047607190877,190.43115382700066,2
256,IMG_257,16.000470982259667,237.81474697786382,200.9703281176409,20.77288398970524,235.1332491623367,193.20327295682998,2
257,IMG_258,16.001719967750606,236.9858640150497,203.69180327868852,20.659628504556547,233.74871769334197,194.50699666351278,2
258,IMG_259,16.006122769375686,237.395258778586,202.40823695640796,20.970569194761218,233.23624321497934,195.9593147751606,2
259,IMG_260,16.00255401746948,237.96598048730652,202.12422740971547,20.375224590880396,232.5724275239159,193.72908269800416,2
260,IMG_261,15.992680612659829,240.19468666696787,199.01278633714364,21.005779277821443,235.2505894863378,183.15802857274954,3
261,IMG_262,15.428002247535373,238.14782653113346,199.92281759207233,21.00040663263001,224.76749649844123,186.79745176885194,3
262,IMG_263,16.192898312928605,236.56157179519542,200.6945601413606,21.03878954607978,222.0179996069955,189.58534093142072,3
263,IMG_264,16.020320585636753,236.46674239555725,200.7110522108629,21.000129215660937,223.9580479820821,191.65645862945254,3
264,IMG_265,15.783606557377048,238.14135984950283,197.22209083579682,20.99814756246329,226.4682600641576,189.30583291917046,3
265,IMG_266,16.601078036225903,237.13519156995096,198.5580051473802,22.014041435155274,194.95494680621957,186.36705862083818,4
266,IMG_267,16.96692099900479,237.4940998056964,202.21439742192314,22.391180590069126,193.42904260606335,188.42709980571996,4
267,IMG_268,16.001748166852813,236.98018744233477,200.48161996795028,21.998825283513305,195.8386572086929,184.47847106131115,4
268,IMG_269,16.000049798316816,237.48887007619143,203.14944474876748,21.99534631545656,191.89820629828762,188.17909908281752,4
269,IMG_270,16.171323491852686,236.01113551616692,203.1757164019002,22.259420222848952,195.6111239539507,190.73290489620416,4
270,IMG_271,16.00478063841442,238.75763159205218,195.1197151536278,22.417295441196405,163.31405593457734,183.28635973433336,5
271,IMG_272,16.00092468445143,236.89916316057145,195.36275371029637,22.261310074446058,153.8436632747456,182.68261310074445,5
272,IMG_273,16.712330667159833,236.37574552683895,199.8211197928707,22.243550010062386,158.75564499899377,187.03578184745422,5
273,IMG_274,15.450525372242419,237.9844131268363,203.78352671679698,22.3299146071477,162.74644196448742,189.6191207698911,5
274,IMG_275,16.001756900457718,236.279485875445,196.81321374081094,22.082636786698593,159.26521483757284,184.48479645777797,5
275,IMG_276,15.992861652017677,240.2996163744962,205.19904822026902,22.374779740658745,135.08873627614875,190.66398590340216,6
276,IMG_277,16.00023117111286,239.11886818623145,199.06990614452818,22.57308091989337,128.85776894230335,183.1656802060272,6
277,IMG_278,16.084308550371,237.76106767591256,199.56207360191226,22.840029589902446,127.7167691525267,184.06560636182903,6
278,IMG_279,16.00020932544874,236.3634936417395,204.50201475744413,22.761053978484433,124.61670063030188,191.21344959954504,6
279,IMG_280,16.92953916379352,237.39532850968777,201.73762929150683,22.592237834907152,123.03984999774093,185.92251389328152,6
280,IMG_281,15.994123501255865,243.92270508506707,199.10568219515662,21.173677314417386,98.89061582252745,184.76076446934442,7
281,IMG_282,16.016783022793472,244.37509824772297,200.56789495584633,21.900891588060475,91.84731016065814,184.85906878580352,7
282,IMG_283,15.93895898247944,244.39229708331206,198.90897481738776,22.01156969161513,95.35028819050024,182.38213639614625,7
283,IMG_284,15.988389175868443,244.10061134543386,201.7529974882707,22.31822386679001,98.35628386414696,187.9247169728206,7
284,IMG_285,16.342000084143212,245.09474525642645,201.49211157389877,22.262588045884485,99.122881867579,184.60957939223184,7
285,IMG_286,16.00024280095178,244.02277472927693,198.65842762103628,19.246332760671336,53.43623628915026,183.01290692039998,8
286,IMG_287,15.870636872677796,244.09916793134124,195.62237689047046,20.237170168715036,50.21686269327343,182.89872692832915,8
287,IMG_288,15.980524137931035,239.68193103448277,197.70278620689655,22.230699966826215,51.61864366617696,181.86351357755558,8
288,IMG_289,15.835260871840495,244.72646396985712,199.6315872102151,19.834636063796143,55.17033389057064,186.57222247323003,8
289,IMG_290,15.968079278920372,244.66769583188088,200.06882127384094,20.410388939139423,54.51048800447948,184.95753111943833,8
290,IMG_291,16.091176071928793,243.80346089549542,200.66484435006552,20.689768366544918,73.14443571131352,186.2741689398493,9
291,IMG_292,15.896967282505852,239.27951795229322,198.85538568796375,22.456147306286066,64.98656446852561,185.7145940707458,9
292,IMG_293,16.00469172077153,240.86962703189423,199.82697502488034,23.09893837275891,69.37086471961588,184.46046429672703,9
293,IMG_294,16.000846571385885,240.88606145112294,202.6217319854589,22.413611355125063,66.96638772019048,186.62601137361875,9
294,IMG_295,15.996795027436507,240.88384402466858,204.44903608022145,22.249849738776643,71.19584816681308,189.23047759951916,9
295,IMG_296,16.891439669339178,242.37303919127532,201.09182809621035,19.855881466167034,36.1553172244476,187.10948873670156,10
296,IMG_297,16.859447963382497,240.73082435618846,201.8992556290166,18.763018477839513,38.62540379894043,187.7574191325322,10
297,IMG_298,16.582478651786925,241.4952333619482,202.70153164957304,20.240826395312983,36.37844147834897,187.59178009779305,10
298,IMG_299,16.60779360386993,241.40134372480517,200.1176027949476,20.15497711405983,35.054232743076426,186.3267834851357,10
299,IMG_300,16.983033979432253,240.68115255201175,203.18435145253778,19.56224823468082,40.15378418084451,190.0546419600967,10
300,IMG_301,17.42479372107064,240.03211913865968,145.4956329241296,18.943497833312296,237.80718583028315,139.39059278892677,1
301,IMG_302,16.846059994109975,240.1809920484665,147.4467163111616,18.434207692639013,238.1302924581126,135.81362794504028,1
302,IMG_303,17.1500884260169,240.07211632933777,147.29019453723717,18.969227218525216,238.47897834365503,140.13059199138362,1
303,IMG_304,16.667996545058198,240.2055279068811,143.84962777115123,18.637006184526065,238.5539147629265,137.75358660440068,1
304,IMG_305,17.555669806276477,239.51782996750708,148.58573602599432,18.939248601119104,238.15532836888383,143.52547435735622,1
305,IMG_306,16.99103874794901,240.04577390719004,150.25777272918506,20.991746905089407,233.99948909412458,144.8527412065239,2
306,IMG_307,16.99793254942499,239.75694534177543,152.574105181548,20.923950150125446,233.560194134825,146.15238761156584,2
307,IMG_308,16.995462754944715,239.8342363772521,150.8282895026651,21.029590386354826,232.9576172632123,145.17375199207478,2
308,IMG_309,16.982740703926265,239.42194912573984,151.53797496950256,20.739967402317077,233.40143606008547,143.9619840535659,2
309,IMG_310,16.960515973923897,240.56169957002172,147.1031947847797,20.966653451389806,234.46953878683757,141.49949341438702,2
310,IMG_311,16.94322437468214,240.03744972028295,154.2671413380184,21.97982467732699,224.53121007885116,145.82005198008898,3
311,IMG_312,17.275582573454916,239.91982732038235,151.46702788423417,22.062728514162373,223.67653407338884,141.47143297652084,3
312,IMG_313,17.03968988150302,240.2835557904938,151.88991674375578,22.040924608234278,225.18294739439807,144.34059967918398,3
313,IMG_314,16.86531444007393,240.58788683000805,149.09539832235438,21.927349414719682,225.46609165442396,139.81863418795317,3
314,IMG_315,17.173903221434056,240.31066732932726,146.08909772737542,21.97786111236615,226.43062395518004,138.7397099353906,3
315,IMG_316,17.59869609268314,239.94101581428131,152.5525307255187,22.981861555546416,194.94821700324928,142.20704972648377,4
316,IMG_317,16.97638870534338,240.38350733447865,149.3573851372186,22.145922578109648,193.7293770878365,137.14478286500295,4
317,IMG_318,17.508019699091854,239.98233407129626,153.60547598608412,22.95138403323325,196.25924402582982,142.82791099411838,4
318,IMG_319,17.114179992070834,240.00162988414607,146.12426765340734,22.1900795153351,195.48542218856494,135.64445285876562,4
319,IMG_320,17.0431699044095,239.23263292365976,151.17259151579225,22.28079628182454,191.90416649529058,141.2803438489697,4
320,IMG_321,16.905706411241134,239.67582343107577,145.7380382234672,22.991291177584248,165.14464218099204,135.6772687113467,5
321,IMG_322,16.218812217743892,240.00810955178943,146.3830427815277,23.00629928196996,166.13567684242986,135.1317563102947,5
322,IMG_323,17.10194646077026,240.19848351749965,145.276249479865,22.932998807222475,164.70168222761487,134.33665117426892,5
323,IMG_324,17.253824114990532,239.8000291361142,148.74428203758558,22.935255049021823,162.21646410337505,138.21790990828174,5
324,IMG_325,17.22313407468557,240.10600689554704,148.42844655951052,23.015417823003393,164.62697678516366,138.91467336240694,5
325,IMG_326,17.973297790629378,238.44074458952696,151.5507613066462,23.630951901791104,132.13374924532098,136.02491446971223,6
326,IMG_327,17.121763881986176,239.03736502055753,151.9588849229657,23.88733223947158,131.87593083427996,140.58382767470235,6
327,IMG_328,17.113689953303435,238.9618105321559,146.87341069859912,23.449553736684077,130.53465224365567,135.61752971661252,6
328,IMG_329,17.379906606870406,238.16339174256785,151.99958389199685,23.800806153086825,127.90836178176285,140.30510426520792,6
329,IMG_330,16.947538031372922,239.23254822046349,147.29941708923747,23.539063486053262,125.38840506542135,137.12924397324247,6
330,IMG_331,16.899859126584825,238.1580197222781,143.44306701549607,22.685147863283017,93.57117591412002,130.64220787233168,7
331,IMG_332,17.37763473431781,238.2296268248559,150.61883125078884,22.707658575989537,91.89033350001924,136.87433165365235,7
332,IMG_333,17.63183137700366,239.02175102023645,151.13130548193024,22.559420289855073,92.61125541125541,137.20654997176737,7
333,IMG_334,16.860931236509405,239.74860138319897,148.11889344081757,23.321927348014306,96.33958215697346,132.5794466403162,7
334,IMG_335,16.887194728001035,238.6126975922815,150.30197699961235,22.644452858765618,92.86945180697548,138.46270352139342,7
335,IMG_336,17.342491671122445,238.8761156582898,151.1170567186279,19.90806631534408,44.869715736431125,136.03092664538215,8
336,IMG_337,17.00656317051622,239.3081324414153,149.87281753544534,20.572665315896113,46.70974396758151,134.71331736968133,8
337,IMG_338,17.049160829919387,238.9276243337298,149.45456147306285,20.766292229374397,50.20282721191468,134.06941814969076,8
338,IMG_339,16.656611552862973,238.6361647524086,146.044133114561,21.93939952109044,48.46439491619083,132.68804568060418,8
339,IMG_340,16.653395302924363,239.02903796322954,145.92575988154485,21.32866553736119,47.96013551665725,131.22111801242235,8
340,IMG_341,17.898594775560547,238.77569270076208,153.56777234483062,22.9100228281001,70.50786061937373,139.79200585777662,9
341,IMG_342,16.846826020620462,239.2951130426742,145.69688843682093,22.0086939021936,67.57758100221372,134.3511772992554,9
342,IMG_343,17.646509023560323,238.42197527673687,151.49765258215962,21.64314941637593,69.36460352328035,138.74367920058577,9
343,IMG_344,16.881509238919758,238.42188913296292,145.79523624930007,21.951196937187092,69.80975219824141,131.0810299129118,9
344,IMG_345,17.04274160755433,239.2595219807527,149.20855735779153,21.270103803247622,67.68368006202351,135.2847482448206,9
345,IMG_346,17.796226902700607,238.31425248740146,151.51035878881854,18.898134987293794,40.13765775078606,137.81100055993454,10
346,IMG_347,17.269855953482224,239.2640412316638,151.2620589401348,19.109137355079582,37.284378070347806,133.82440558066418,10
347,IMG_348,17.843636187053853,238.96644490846404,152.81464575341136,19.122814954962365,39.262863488668614,138.660634228602,10
348,IMG_349,17.524691636922242,239.60131929697735,153.29873943884698,18.717184265010353,33.47133446263881,139.15904385469602,10
349,IMG_350,17.006099489450143,239.29661591289025,151.43491618849683,18.05042247985852,39.67486736097465,136.04759284731773,10
350,IMG_351,21.657127900889897,242.01442447507708,220.02076426452626,22.995935202343237,236.85480303664295,216.00221172813676,1
351,IMG_352,21.3910312336416,242.146454952597,222.10800907346012,22.84449476365695,235.43809793376732,217.19937729974527,1
352,IMG_353,21.048526637611396,245.83392961686073,220.20444935926625,22.36931223446832,238.21944461547935,209.37103626623977,1
353,IMG_354,21.24143546792299,244.4927586808585,221.1730937009248,22.935991673713655,240.16223248552657,216.05997528133742,1
354,IMG_355,21.020626808694047,243.11532541099686,218.22209223569976,22.377537469170935,236.36451021311578,213.7826471890217,1
355,IMG_356,21.40231852485801,245.6484867346145,223.3716642029098,24.000075340917654,218.46553153017405,219.88518044149777,2
356,IMG_357,21.19289900034471,247.01351258186833,222.56477076870044,23.999154361542963,221.35321667859233,217.64788915631303,2
357,IMG_358,21.000325245560397,246.83054706303258,220.73889286411242,24.0,220.82723075950167,217.38386137987732,2
358,IMG_359,20.99933105893371,246.76058599237408,224.7045287310188,23.977297859884214,225.38496064528718,218.86287647173617,2
359,IMG_360,21.00521774031708,245.8848083483845,222.59649474881263,23.99926416482708,219.81657635962273,218.9988628001873,2
360,IMG_361,20.783316097897277,246.74767321613237,221.01158221302998,23.8989898989899,200.9921733895244,215.33728008562446,3
361,IMG_362,21.12796842598167,246.95250518429327,218.48732356679378,23.988555670458464,202.7614615649776,214.7437435367115,3
362,IMG_363,21.326156247967216,247.25811487673192,219.39562869966824,24.649908303294758,199.68450009485866,213.82482767343325,3
363,IMG_364,20.951510275725884,247.9181598771301,218.7659621151174,24.40473926716887,200.56191033423536,211.9346156659109,3
364,IMG_365,21.995762979826726,244.1563903117688,228.67178903433884,25.376146788990827,205.02579890400838,222.0783203004741,3
365,IMG_366,21.97046770311585,244.4829246080791,229.17179470500227,26.00132802124834,179.9585783848732,215.37134003667867,4
366,IMG_367,21.9964873479477,244.5157744096793,226.95739283158784,26.013343451590462,180.2804022007209,218.63542654777714,4
367,IMG_368,21.90699758703895,244.3957945536022,226.2321268528094,26.02087096126831,180.53782861729883,219.39039400628803,4
368,IMG_369,22.197879398946203,243.8317829961621,232.98686007935993,26.337995186365706,177.3399466597281,225.40180836531582,4
369,IMG_370,21.977464441844713,244.21174804507112,226.34400591096608,25.98284416283101,179.06677027915595,217.6054755215494,4
370,IMG_371,21.980332637703157,244.9241763106305,223.14266742553596,26.87478656801366,154.78549294883956,211.89824827673434,5
371,IMG_372,21.83217329083458,245.4745983217329,219.67670591296428,26.93362477679946,151.9070870020319,213.73893233175298,5
372,IMG_373,21.97029111124395,244.13539362783192,227.5665610616295,26.823533033680192,153.5732405640047,210.52342836032264,5
373,IMG_374,21.06356428817649,245.6799724233023,224.621647707687,26.857477395433552,152.86320171729656,213.8844077278345,5
374,IMG_375,21.83343367449328,245.39474212321895,222.22616897451334,26.944611679711016,152.19666867348985,211.51187370392668,5
375,IMG_376,21.952579197293957,245.16106160150915,223.05288492812073,27.091968286797655,124.13216132368149,209.5042399172699,6
376,IMG_377,21.765721594542743,245.192638385561,222.77929368293897,27.22088434008964,121.90614756839922,213.58184493946084,6
377,IMG_378,21.831230610134437,244.09010685970355,225.08879696656325,27.016322162017527,126.14616362298482,213.2158003879858,6
378,IMG_379,21.914174861194727,244.36858652752693,225.18335674627065,27.089905679309652,122.2430262893839,216.12529266171651,6
379,IMG_380,21.97868258367086,244.11149008740142,225.2595750728345,27.127611168562563,125.0739055498104,206.18435022406067,6
380,IMG_381,21.98635685354935,245.99673132949619,227.21658494990407,27.489803169189226,99.02543878348611,208.5517657926526,7
381,IMG_382,21.735025232209463,246.3803846997733,224.91325970891538,28.13358914232928,97.44205215661195,214.08455908477225,7
382,IMG_383,21.977972003126553,246.19697292688127,222.39970155617138,27.68105024500841,96.71067066481386,202.52702406202005,7
383,IMG_384,21.985177524991382,247.97821440882456,223.87749052051018,27.48907273354016,98.07955877283695,204.7279558772837,7
384,IMG_385,21.884246429332766,248.82334967668587,223.90755347118596,27.7109505652552,98.29139072847683,207.84159475550203,7
385,IMG_386,21.946440313228525,246.02486699742963,223.6564050451312,27.989241379310347,61.44750344827586,208.53809655172415,8
386,IMG_387,21.938468348826916,246.15967874533612,224.95661797255423,27.66166537151055,62.12224281188355,208.37724908840934,8
387,IMG_388,21.536849362288866,246.28817649086523,223.81089279558773,27.710883671148572,64.91932570740518,207.8195197003144,8
388,IMG_389,21.886099004748583,247.06485396474338,221.71905288492812,27.338573734233965,58.63787434993126,204.7975969872676,8
389,IMG_390,21.72981959238963,246.47854196170186,223.22055292161812,27.72250679820401,62.14247770821476,207.4211092139379,8
390,IMG_391,21.533540158566012,247.24894863840055,215.91230610134437,28.180610889774236,75.98697274394486,203.98090178966672,9
391,IMG_392,21.89975870389521,247.75049982764563,223.56428817649086,27.981002073717306,76.6055923473142,203.8039333734698,9
392,IMG_393,21.942985177524992,246.88052395725612,220.0343329886246,27.655294668539703,80.451200749214,207.84139407318216,9
393,IMG_394,21.871699413995174,247.08859014133057,224.61178903826266,28.014753533264393,79.68597035504999,205.63674594967253,9
394,IMG_395,21.78345398138573,247.3611857980007,223.37786970010342,27.330858251388054,83.84520703726001,205.08007224563517,9
395,IMG_396,21.960412318978054,246.419212040726,223.2872952633909,26.938791892434278,51.45916114790287,203.8955782995518,10
396,IMG_397,21.955716101411465,246.49715700046826,223.7057328249381,26.8113575749691,50.8793338970923,204.08547453327262,10
397,IMG_398,22.048538466136648,247.4089903759938,228.2573375575348,27.266304022954152,50.317532428716596,208.383585390639,10
398,IMG_399,22.251831783757158,246.52496767440428,232.4476941075057,27.26227801990503,51.789956417094906,208.23664866974565,10
399,IMG_400,21.870389754325473,247.029185394988,226.8303675882027,26.808954657560236,48.574969961424145,210.41826345412002,10
400,IMG_401,21.01170189424413,241.1929349813501,171.1739925400424,22.901735003501127,234.35089084260483,166.9827277678363,1
401,IMG_402,20.963821675873337,244.01797245779196,161.66871547498639,22.937979960506105,237.84480362758723,159.55532801872303,1
402,IMG_403,20.927717246877492,245.55301621047036,153.510585525733,22.71083273106882,240.15064643057897,149.0291496025054,1
403,IMG_404,20.923740718442705,243.31580707739647,174.3396882734631,22.985660117200965,236.00255084453636,169.54463977938642,1
404,IMG_405,21.728403423434518,242.38224247275414,201.01841019641648,22.99979931768011,235.17024550137134,189.0996053247709,1
405,IMG_406,20.998795906080673,241.79550471603451,180.30242825607064,25.098793519476043,216.5149948293692,176.88934850051706,2
406,IMG_407,20.86413699992894,243.3938747957081,175.2381155403965,25.22461220268873,219.75739400206825,172.8778352292313,2
407,IMG_408,20.988876601834384,243.5650165875236,181.35308658036817,25.003010234798314,219.2471737239949,176.66118134992308,2
408,IMG_409,20.989497625259215,242.75115392333936,175.2212857047294,25.002274399625392,220.60853568800587,171.97738979195933,2
409,IMG_410,20.98227306174326,242.69830757910228,178.15947555020404,25.000650491120798,221.3948481103233,174.38313927014897,2
410,IMG_411,20.750164557887807,244.291742850874,173.66042565640313,26.62186393430272,205.04324568673246,168.56008438182778,3
411,IMG_412,21.252671492588764,243.54367459496726,178.76504653567736,26.780856960136433,202.42599303631067,175.28003979251048,3
412,IMG_413,20.994528529808854,242.9563703545797,175.12776238186598,26.94775570272259,201.6269315673289,168.26831226168974,3
413,IMG_414,20.659358841778698,243.90465356773527,172.89755256807996,26.798345398138572,203.54002068252328,166.99917269906928,3
414,IMG_415,21.063542885290314,241.4520041869343,177.6389384890093,26.864845477912606,200.30952238627532,171.73907585629746,3
415,IMG_416,21.058464552098243,243.55556392676863,174.26022752957132,28.538287135230014,171.6057193008118,167.4968916843414,4
416,IMG_417,21.116506984568126,243.38747897315878,167.50727711548308,28.98654282161925,169.05660791340597,161.07247860747458,4
417,IMG_418,21.16262278019905,241.89214857217198,172.5193521108437,28.98633968646328,167.96923176998635,161.78384180055943,4
418,IMG_419,20.997797200312654,242.94926454913664,165.4738861649968,28.908823332664394,168.08335005685998,155.98334336744932,4
419,IMG_420,21.102792140641156,242.59675973802138,165.13788348845225,28.95283965482641,169.85557562378756,155.12101143889222,4
420,IMG_421,21.251403396575,244.46344063099554,176.16499680238755,30.572443686491862,135.04959852199246,167.10459745612164,5
421,IMG_422,20.269975106400064,243.3627238416446,175.58708744880752,30.834357737493193,132.35703726756398,167.42814907025598,5
422,IMG_423,21.012961047914512,242.61392623233368,176.1638745260255,30.849356924607406,132.78469409507568,167.59155830313367,5
423,IMG_424,21.005273864235665,242.7598131545242,168.3328561741882,30.946756381189203,134.48489724274117,162.01236012579537,5
424,IMG_425,21.021956938819017,243.4151211539828,170.2136715696724,30.528529808853833,138.28586655297377,160.963191927805,5
425,IMG_426,21.052073429386382,244.45805602281868,180.47641336941416,32.92908406167839,100.5212108292475,173.0666524550558,6
426,IMG_427,20.942970512720766,241.59239088150628,169.91247179646774,33.12052951071455,98.83931836466029,167.20961018064799,6
427,IMG_428,21.043443282381336,242.29781320851313,171.81964455496234,32.87342295760083,102.47521544295071,166.31409858669426,6
428,IMG_429,20.961456885833393,242.48994368463394,171.44211219191106,32.76330562069211,105.33383073971434,167.09287287714062,6
429,IMG_430,20.889563373071017,242.7691069991955,168.44416002340378,32.62709410548087,103.72747328507411,167.443295415374,6
430,IMG_431,20.216494017505823,243.5428410824701,172.259214647073,35.21255737960009,72.61627635571462,168.37041935734848,7
431,IMG_432,20.957658404279364,243.755744744971,162.23483764032247,36.45228451644994,68.49754849712215,164.77964897321112,7
432,IMG_433,20.891735101333534,243.2676862804189,173.2656520756423,36.43686491863853,65.78689689476302,170.2297306899737,7
433,IMG_434,21.03633229920717,242.57711134091693,169.3517407790417,36.50839521038196,65.15566258612617,168.4990969295605,7
434,IMG_435,21.023875506288636,242.79322106160734,175.40638101328787,36.18730344474512,67.2133401594383,172.0948584802165,7
435,IMG_436,21.025486654625727,243.96648605257877,177.34604321359288,52.05093345475834,26.250113835946138,172.7391530605607,8
436,IMG_437,21.15618560363817,243.67981240673632,176.25914872450792,55.3872130525517,22.178018086384622,174.17725921709985,8
437,IMG_438,21.692726645984145,244.04557049293348,183.42068252326783,49.82583670859092,27.114261351524195,178.49562992965252,8
438,IMG_439,21.46342640468804,243.90823853843503,173.70230954843157,50.110174593618304,28.615492675095325,173.59087564385578,8
439,IMG_440,21.24657144887373,243.71633624671355,183.6611241384211,46.4564853836377,32.20021406114121,179.20088300220752,8
440,IMG_441,21.993604775101257,244.28977474596746,190.5330775243374,39.86832126852809,50.18848672871424,188.31409858669426,9
441,IMG_442,21.099539237914136,248.55342646090836,177.63760696262707,38.00845638457035,53.80003902946725,169.71092174591817,9
442,IMG_443,21.943260944501898,245.71678731471906,184.28210961737332,38.82353334671215,56.62017526255937,180.35955582313198,9
443,IMG_444,22.004098094061018,244.99050282963637,191.57314772653353,38.58179925844012,59.18025108957263,185.6460027320627,9
444,IMG_445,21.777911565991037,246.5952906548933,181.0320422770754,37.97143621646933,59.691216803799584,176.59749816041207,9
445,IMG_446,21.95303062602146,246.66410857670718,175.7926525971719,57.78320187593264,21.206778938392667,175.4787891707525,10
446,IMG_447,22.03590710986795,244.53151629480257,174.84876081441487,53.36149575222423,24.323968158405243,175.2319887617901,10
447,IMG_448,21.768848148937682,245.53272223406523,170.26639664605983,57.69974071966104,20.368431037753748,172.99810282678808,10
448,IMG_449,21.635022406066874,246.40517063081697,175.46480523957257,58.43830091719248,19.497365510960776,178.35894100045533,10
449,IMG_450,21.360807654637235,247.223235139004,166.50064039780005,58.566632195794554,21.7480179248535,167.678662530162,10
450,IMG_451,18.528578197010813,242.2983158892191,171.85015290519877,19.993358333709846,241.76026747390773,163.6329010979081,1
451,IMG_452,18.109806891329043,242.75505911060625,168.8584290462367,19.9294744724902,243.1303026298401,163.3656667107176,1
452,IMG_453,17.97136690013656,243.88700938284657,163.803841240474,19.807425593315244,244.14411853383297,158.27488478270234,1
453,IMG_454,18.007968299091182,243.67859757935994,168.5738898221131,19.8542899742466,243.46324492838747,162.61921113269779,1
454,IMG_455,17.441675528225993,242.29294003421333,162.21235378427113,19.289654518743188,243.76318657883513,156.17259845504952,1
455,IMG_456,17.955248309428438,244.12947409225998,171.56562001981308,21.90941983255501,242.5540409777441,160.96036854726745,2
456,IMG_457,17.97458875005259,243.97761790567546,171.39934368294837,21.9959190542303,242.44377129875048,163.33741427910303,2
457,IMG_458,17.514457286225475,244.56089334923703,164.76000493563114,21.462386798148522,242.69716240692293,157.0445562487422,2
458,IMG_459,17.643485211830537,244.99962135554713,166.5027556901847,21.827540821782584,242.93744087525192,158.18409904166495,2
459,IMG_460,17.837014598847237,244.80432496108375,169.02011022760738,21.916321191386597,243.33886093781445,161.80422620245523,2
460,IMG_461,18.041581720967805,245.05685271377467,173.58495210985882,23.21010263634534,236.4450392433085,160.90951901791104,3
461,IMG_462,17.645251511537037,244.91082959733475,173.80751038539054,22.99979434870234,239.11014683502654,157.80236910294903,3
462,IMG_463,17.966426858513188,246.14527325508016,187.61176322100215,22.995804713527743,241.47053016904536,174.55472381030725,3
463,IMG_464,18.00274797666102,245.43941276115189,176.12373423677772,23.002414972831556,238.7179311732743,164.8580800965989,3
464,IMG_465,17.537158577323638,244.8898408331696,179.13208881902142,22.995928104306337,237.98395919878254,165.2327150084317,3
465,IMG_466,17.927363743168,246.4656995453849,176.3964345916126,24.105970818186346,222.98331756386634,159.45475822917186,4
466,IMG_467,17.472436631641852,246.25506697873612,178.45042577560878,24.16376161634842,226.93365389060983,161.27079384160155,4
467,IMG_468,17.999537657774283,246.27550973230385,179.10176152388,24.055666003976143,227.77710481298257,160.8121503536918,4
468,IMG_469,17.856213276356044,246.355800514738,180.86208905938912,24.4871910721547,227.8097411105589,163.50580581032847,4
469,IMG_470,17.99927709754665,246.5129444720553,182.5415894817693,24.476630985419146,225.59345403286198,168.3052288445443,4
470,IMG_471,17.004266452002415,244.90629905413564,172.1706580800966,24.963786937699982,202.0027103331451,157.94910596649726,5
471,IMG_472,17.000362245924734,245.01457033608372,175.79235258603342,25.0,206.1472094308344,162.9003868115675,5
472,IMG_473,16.818687969014768,244.0269045889961,175.10540512501296,24.990086434997355,209.7273240430411,160.96782501322986,5
473,IMG_474,15.886736097465121,243.81355865592454,172.32277461190805,24.99704280716939,211.27184536045294,157.5126401961845,5
474,IMG_475,16.932053453792584,244.6138904573687,172.36013551665727,24.5463594071189,205.25215478380036,157.97504417757582,5
475,IMG_476,17.28807633776169,245.4256159256365,169.38522601077614,25.954759508955526,155.59951700543368,149.73813644596498,6
476,IMG_477,16.841409312141966,244.49506826894086,171.77344187448853,25.63582719558944,155.85665676013267,151.4828789249257,6
477,IMG_478,16.859679134495355,243.62605760784132,169.49701789264412,25.013567684242986,173.68803136425709,148.3044359279327,6
478,IMG_479,16.74402008722083,244.7036694418748,172.32403858860843,25.10739619572584,176.14607147698007,151.0069579361135,6
479,IMG_480,16.896850856187594,244.56761397008992,175.7059594270998,25.18424976279763,174.2907423304568,154.6974201418696,6
480,IMG_481,16.90814620702119,244.6762752451091,168.16034880043375,27.322995928104305,105.01978365483487,145.23213918479826,7
481,IMG_482,16.539432312529613,243.4219322048499,165.1373562475772,25.943446612396087,130.44148684153853,144.24684498427877,7
482,IMG_483,16.669926434958814,244.0974846923043,165.17765737192195,26.347591823304406,117.94328137210546,143.9441039772961,7
483,IMG_484,16.847999310849808,243.48757376060647,168.59236766162726,25.84455355989146,134.7760261877073,146.63423353577122,7
484,IMG_485,16.75438596491228,244.4272371576423,161.02372838571247,26.36292371968816,130.2793211870612,136.33552999956927,7
485,IMG_486,16.695527606468218,243.78954013499734,166.08546593502646,28.539303096868675,53.043804109058016,140.2578283154585,8
486,IMG_487,16.628044932475074,244.05486137405865,160.65837856030964,26.214713356592153,68.83102898737994,136.41125037687902,8
487,IMG_488,16.96925245583895,244.69900004405093,166.94599356856526,26.568357298072034,58.70960284802811,140.19936196772852,8
488,IMG_489,16.89351676553494,243.94164668265387,167.15991417392402,26.044955373668408,56.58355612223913,140.60769958458437,8
489,IMG_490,17.12923127544935,244.9321350717723,171.58783366923046,27.885565232024906,49.19487567840464,146.11414026673398,8
490,IMG_491,16.86975061377439,243.1352887970022,158.27540164534608,28.012334258402714,77.25034139465222,135.04929298268797,9
491,IMG_492,17.151402084855945,244.83471169750356,161.97518944493595,27.41093242298359,81.23440134907251,138.16242339489162,9
492,IMG_493,17.61345539869985,246.01157825902987,166.3541177828211,27.697081907828537,71.30875427651439,141.08987723888106,9
493,IMG_494,16.615061901040594,244.01505367498868,160.71492617118415,27.16243847027641,81.44974546678446,136.3443560940721,9
494,IMG_495,16.64958559468215,243.94202532710673,163.34570238546004,27.194576537630184,78.92733346433484,138.2252701906072,9
495,IMG_496,16.873938418192797,242.79597504528073,159.09410344133627,30.428383210991907,26.579597214379824,129.3656691134952,10
496,IMG_497,16.794278185582534,244.12411067193676,161.66290231507622,26.732510142882344,35.290633268654084,134.28350679132123,10
497,IMG_498,16.903205726735138,244.81599059376836,161.5660684026697,25.037866215071972,49.33917019475021,133.89723962743437,10
498,IMG_499,17.066639001279523,243.36089497527405,158.96600615554863,26.44758195391107,43.67932489451477,132.28760503444047,10
499,IMG_500,16.003317826102638,242.52089869811388,157.04392513253273,24.726195096136884,53.734768036690774,130.91000176397955,10
500,IMG_501,18.887668518757806,244.33837274410993,173.55829779902658,20.59077768826122,243.63925880290034,165.33827780673903,1
501,IMG_502,18.60849265445764,245.1680016099819,161.86701549607568,20.83255500862468,243.6189153940006,158.2299633977029,1
502,IMG_503,18.920042775469913,245.15407395220663,161.50191255706824,20.92561740081619,243.3278640245698,159.78152215070048,1
503,IMG_504,18.96718414741891,244.73099415204678,163.72480962598343,20.790957774513057,243.32643002701295,160.01388559783896,1
504,IMG_505,18.9914981718867,245.01722391084093,162.23223646535394,20.568298391514368,243.9018475175539,157.6238235147652,1
505,IMG_506,18.784465191223166,244.75252357708166,185.36178380171555,23.096630491445904,243.77446566513436,178.93284678451258,2
506,IMG_507,18.50274365075511,244.31078521827806,182.47826931481572,23.17629496232406,243.90872470499028,176.7452727358893,2
507,IMG_508,18.478081607506752,244.3108383488934,189.5611108478271,22.99597885510324,243.51565535625537,180.7087154927032,2
508,IMG_509,18.886111249439768,244.24988795378715,186.9001045764653,23.00024280095178,243.9653765842762,178.78541251881708,2
509,IMG_510,18.95722324585429,244.20028883023753,187.07031522334546,23.005781716506327,244.22477607696317,177.11591867683995,2
510,IMG_511,18.539115233331714,244.47015976302626,189.37177681736512,24.81668323826469,243.13789313935843,178.98655083991835,3
511,IMG_512,19.026723380646356,244.94146747422442,193.05210596883813,24.93973680376827,242.73850337493323,183.4800660418589,3
512,IMG_513,18.949142355171297,245.04799112302928,194.89772989967173,24.999223036954305,242.7114067887146,179.0485116301656,3
513,IMG_514,18.7494148697774,244.43782680145412,192.066630147901,24.93051036760064,243.09648909823727,179.82052153644443,3
514,IMG_515,19.084533720981455,244.31430333465485,189.73256684727545,24.99968373017666,242.57633398093344,176.4136357475263,3
515,IMG_516,19.108039883882366,245.07320459421936,194.07147965837856,26.016365854684672,215.85615717951956,179.82363582817956,4
516,IMG_517,18.966665125525914,243.98363308520968,179.38721161403672,26.059380644024493,220.4010836527025,169.01894189683273,4
517,IMG_518,19.002026342451874,244.560371789789,183.34646050834766,26.186073294122487,220.6029696047382,172.34450705383952,4
518,IMG_519,18.845953922734683,244.52147482489758,182.87379410598652,26.45565749235474,212.88469655855624,167.90954903734334,4
519,IMG_520,18.985389985667393,243.88150168754913,179.01382403254888,26.211870612051513,215.5321100917431,167.93621053538357,4
520,IMG_521,19.924790294298848,243.8693426851808,179.993554807829,27.082784166774346,160.62867726235086,173.04169358659604,5
521,IMG_522,18.83811503185289,243.04450368228436,185.60077712013734,27.384961014933264,157.9957711114048,174.07858684639444,5
522,IMG_523,19.827632630737515,243.29408052505363,184.95111279397534,27.61828431991249,158.3217636417182,173.1502377045732,5
523,IMG_524,19.87771891286557,243.7008226730413,181.53516819571865,27.645642986516403,158.6586033407124,173.588086134031,5
524,IMG_525,19.859401729159924,243.785473207268,181.34925331730548,27.494077615540338,160.3071025541629,171.75604083214887,5
525,IMG_526,19.84820624614947,203.212975688356,196.4404530590967,28.22148302821347,100.47831787500607,184.23172922837858,6
526,IMG_527,19.459706875028896,204.6312820749919,190.28887142262704,27.824843393386104,104.68965182343514,178.86267178167338,6
527,IMG_528,19.925169423250082,207.19691009904744,188.88668783469979,28.18821952008877,101.5948957418281,178.04128716075638,6
528,IMG_529,19.934126344722998,215.8957869295294,192.0956352779489,28.94918858939387,101.94340931157242,180.8893615053863,6
529,IMG_530,19.509238919757074,205.51324460524614,189.98651849937545,28.185650386301,101.38910224551574,179.09677856594226,6
530,IMG_531,19.96376451452582,204.80142773234536,192.50517327068178,29.340769881977987,72.70210646880136,180.86419999004033,7
531,IMG_532,19.968418199069262,207.59250892332716,190.69091401978946,29.123345231102878,74.29602855464691,181.3372791758912,7
532,IMG_533,19.409704965436227,207.22794017982199,189.2082862693715,29.192517959607827,75.51917950571544,180.03054262865405,7
533,IMG_534,19.99759582042628,216.54362198899625,189.0950575616071,29.086109663049143,75.95128192976637,180.60968674470405,7
534,IMG_535,19.23359082507938,203.7793943415004,190.85474622055827,29.13859078327587,74.33802748506774,181.35065313456028,7
535,IMG_536,19.608078939253776,203.83366371525483,197.0905686974142,28.313606731702805,44.881362984881406,184.61805908733643,8
536,IMG_537,19.767722405457913,207.2386029910089,192.38837934306238,29.01025110910109,41.41844338200457,183.80006030064177,8
537,IMG_538,19.669826074593622,205.10852566229087,190.73081844462348,28.88908852522702,46.50322925265867,179.167532656728,8
538,IMG_539,19.746013715343516,206.1332828474063,189.18789179182968,29.365464961019942,44.45371925744067,178.3016754964035,8
539,IMG_540,18.989858300554477,207.853893180418,186.64262357234253,29.144850755911616,46.2238015247448,178.19158375328422,8
540,IMG_541,19.94162562689197,209.8198617449058,193.257398454796,29.232941280119817,60.41742654508612,185.629179331307,9
541,IMG_542,19.983921413153606,207.07145059689,194.28972291969518,29.25117836218669,61.24738998282014,184.89692084049162,9
542,IMG_543,19.869575947024227,206.18677250853452,194.44568749228807,28.97859125148672,60.78357781595525,186.29901766442006,9
543,IMG_544,19.88607485893957,207.03333764052203,195.53512512383168,29.352640853024894,56.483892829711294,187.71833913161342,9
544,IMG_545,19.77780714505969,206.80837848552926,193.79163913483987,29.28671799402583,56.282300475409144,186.21839370608777,9
545,IMG_546,19.70538829306112,208.84433820045655,184.38338286600336,29.196306113004333,36.55660734570239,178.95468888047458,10
546,IMG_547,19.966595144936683,207.86604400689976,183.68391602507467,29.056296028554648,39.3299146071477,174.8583563005467,10
547,IMG_548,19.807942455958994,207.80397984235688,181.4647456605074,29.321967671616008,36.12437790482458,174.1277505861062,10
548,IMG_549,19.169950232385965,208.21650968617612,183.20153827170648,29.132207562411047,36.084086625379854,176.12701465553718,10
549,IMG_550,19.161092178888467,209.15659051706004,179.1345029239766,28.859540184712124,38.1217528001572,170.5840440165062,10
550,IMG_551,20.009395326427367,253.2601782702963,147.05701437404642,21.966184402020374,252.85660474274462,140.9487201438233,1
551,IMG_552,20.30153246523164,253.01798210647533,135.8648241651165,21.93145789425456,252.9887290387611,133.7063135709704,1
552,IMG_553,19.588412566865063,253.1199427409026,140.39546447675733,21.34147669804715,252.56181436240567,138.94242589278767,1
553,IMG_554,19.65654940393476,253.560886418489,150.23776786367293,21.18971696043297,253.35054486945074,146.86893878446574,1
554,IMG_555,20.113920902081087,254.97993532874554,143.9366553353785,22.096481465627942,254.97114973033132,139.19655851382586,1
555,IMG_556,19.849543625478457,254.96299931298458,144.6913337913436,23.95997968511935,254.96841036058913,139.70147282884713,2
556,IMG_557,19.931266064173784,254.96965425752424,148.70616035154632,24.388018951256726,254.98393961294468,142.52019593672208,2
557,IMG_558,19.85432385374347,254.9747118812702,149.78310256197662,23.94259899016742,254.993444946408,142.88829834352023,2
558,IMG_559,19.97882894853397,254.9714766586943,146.97953760297634,23.99083661687895,254.9670118207642,139.8443141207734,2
559,IMG_560,19.750206176120223,254.96948593420692,148.80995143406946,23.526619627966646,254.97076880784385,141.09997250985063,2
560,IMG_561,20.02698145025295,254.96924435878904,149.04697663213685,25.894784843711136,254.91435204377746,138.73020479230578,3
561,IMG_562,19.800696417117198,254.96114725556674,146.95418308439477,25.93498095491186,254.8486136947471,138.00194879971653,3
562,IMG_563,19.91370601832035,254.97089290300488,150.57161201951888,25.96190982372221,254.68987509965453,138.11878820090354,3
563,IMG_564,20.136721664870244,254.96608904734268,149.5664538595473,25.830362324848686,254.77796202636597,142.26258187546637,3
564,IMG_565,19.672498134483046,254.88524997927203,149.00024873559406,25.808235596267444,254.694033045116,138.84821505008134,3
565,IMG_566,19.563220296824475,254.97653594229334,147.55575822900258,26.800530776474616,241.46802499785977,135.0029107096995,4
566,IMG_567,19.957507496526,254.9847144006436,150.8982666569151,28.017480281389897,233.0930860513039,135.72777659347688,4
567,IMG_568,19.98932202150223,254.98237402179478,148.63219483653916,27.62772685283877,233.76160022738577,134.69608470120087,4
568,IMG_569,19.866420553002335,254.9889248851051,151.8622014616138,27.008438182777066,233.69049951028404,140.30302117079785,4
569,IMG_570,19.993417684487678,254.97630366415564,148.44035690777446,27.986835368975353,232.90155781467124,135.68968039201346,4
570,IMG_571,18.92761794212752,254.90838238951994,146.19898847525081,26.440593648951165,201.39988392338944,134.0122709559738,5
571,IMG_572,19.968334241033222,254.97378044036412,145.98000466817086,29.19810487432747,181.82076608046253,132.89881956155142,5
572,IMG_573,19.853047458443747,254.97269734200594,146.32883642495784,28.66249096603228,183.22307877619852,131.83337348430098,5
573,IMG_574,19.213081071826043,254.92106840167793,150.13868675627086,29.062893081761008,180.18194702808043,133.78988395783506,5
574,IMG_575,19.990069343378135,254.98082355962674,149.28216762263506,28.662528893074224,179.7378649088263,133.86345347144936,5
575,IMG_576,19.435664754729903,254.96678366578203,151.08167108980396,29.492423593870388,136.63462032360243,133.37385497816967,6
576,IMG_577,19.571697628627685,254.95496960876636,152.34534714493623,29.909557976791568,127.84108424129684,135.0090353441403,6
577,IMG_578,19.92098279256913,254.98005307764745,151.30262819964045,30.017977912849926,132.94735039808236,132.14253916616727,6
578,IMG_579,19.904802671004195,254.97226264874584,149.8264703364438,30.10838113175242,132.67956510572725,131.53771081243045,6
579,IMG_580,20.034842907285334,254.9748309220101,147.23157263932882,31.551244574364425,133.26547967047568,133.32208344406058,6
580,IMG_581,19.141083811317525,254.95548326341924,146.4151185686157,28.6372216622377,92.24337945569505,131.87803537065884,7
581,IMG_582,19.97350036135871,254.97968361037502,145.1612462860355,34.82413876174416,82.55263791857384,133.1505661286437,7
582,IMG_583,19.89345825387613,254.97520935245834,146.3496393333886,35.042036315396736,84.52980681535527,134.93126606417377,7
583,IMG_584,18.99742973219468,254.94627311168227,149.96542575242518,28.339097679993152,92.89350226864138,134.59823645235852,7
584,IMG_585,20.088847550713083,254.99123040127557,167.40667906811942,34.69031800868102,83.00425192665426,154.22225174949065,7
585,IMG_586,18.8466505874115,254.9058585544231,151.2751108690578,27.829518991407692,46.94306592788886,133.8581064803662,8
586,IMG_587,19.254516199809846,254.95992101221384,153.17428508739852,32.56351934469392,50.86849996343158,134.7598186206392,8
587,IMG_588,19.06232008091496,254.96957908659456,150.3728312456236,32.902412735262416,50.661885415803,132.85788906392506,8
588,IMG_589,19.246063437052662,254.97378136065697,150.41776538838243,34.071498530852104,39.51420176297747,133.622240638891,8
589,IMG_590,19.047591410330817,254.95929027443827,150.82721167399055,33.02910709699512,42.12396198955569,132.76697200582143,8
590,IMG_591,18.8992380789316,254.93322489512883,153.80078760380104,27.75036383871244,63.158548069514595,137.02585395086038,9
591,IMG_592,19.11707871554419,254.9682675002368,151.23614663256606,31.835464620630862,69.15373685706166,136.1082693947144,9
592,IMG_593,18.983700947825316,254.96988218619896,155.6121002746036,28.31083355478785,87.58552573301444,138.82726547967047,9
593,IMG_594,19.370006200726372,254.97918327575516,154.93436088227477,30.209584551333155,77.26317654353795,137.81016919124812,9
594,IMG_595,19.005969654257523,254.95945609816764,156.93839648453692,28.856940384445036,97.39950394189033,141.1574984498184,9
595,IMG_596,18.911595358313402,254.8770484542475,145.97617149437505,25.8296571884135,24.47701302152538,130.80618301000973,10
596,IMG_597,19.074137488228747,254.95856519133636,146.19433267699682,35.26359044602346,34.355106583340465,132.47547299032618,10
597,IMG_598,19.918072082869617,254.9766287132951,142.74488485574867,46.032923793463425,23.650204769934955,130.90909820926683,10
598,IMG_599,19.37428732032442,254.96715650847185,145.91793142214726,31.37993322489513,32.35716120195189,129.47881174556971,10
599,IMG_600,19.655183489922106,254.98225327230386,148.79458764956235,41.682390206317955,27.513654652855063,136.2349970036812,10
