,ImageName,BlueReference,GreenReference,RedReference,BlueSample,GreenSample,RedSample,Dilution Factor
0,IMG_1,0.060936705,134.7306394,210.2565075,163.0342349,186.6525518,189.2782013,10
1,IMG_2,1.089185815,132.0941329,208.6424708,158.9025714,184.5641986,185.6732136,10
2,IMG_3,0.453073179,135.2629108,210.1612611,162.6527114,187.0421243,188.2808287,10
3,IMG_4,1.117674282,134.962977,207.2463293,159.1027265,185.3681354,187.1545419,10
4,IMG_5,3.677100425,131.7618747,214.4562666,161.005987,186.6201921,188.6235517,10
5,IMG_6,2.289705078,131.4652699,215.1724094,136.6465564,181.3136018,187.4569818,9
6,IMG_7,5.372406502,124.7367517,208.1614026,136.8101016,180.3149344,185.4507465,9
7,IMG_8,3.101140919,132.4529316,215.0535659,134.2620924,181.6282896,187.9768704,9
8,IMG_9,1.526760936,124.8948945,200.9237919,130.313348,179.2098893,183.2472326,9
9,IMG_10,0.620340668,128.0774409,206.0478471,125.8867209,179.2157471,184.020976,9
10,IMG_11,10.05194067,129.7175015,210.6599687,148.4600822,182.3903221,182.7017576,8
11,IMG_12,10.62841883,126.8707413,212.145626,148.1605314,181.5939209,184.1796981,8
12,IMG_13,1.370243654,122.6675759,205.556059,145.3270647,179.5676722,179.2352644,8
13,IMG_14,8.153477218,122.1437587,206.6662039,144.0352525,175.4642955,175.7570053,8
14,IMG_15,2.568261181,124.0819976,207.8592284,146.9229219,183.7586065,184.7848476,8
15,IMG_16,8.114407808,123.8614578,211.4019327,116.3225913,182.3175679,185.8375906,7
16,IMG_17,5.750427667,125.5707615,210.8859864,109.489626,171.2250562,177.0087221,7
17,IMG_18,5.839300832,123.667895,213.7894029,110.3845481,175.7431166,182.3782353,7
18,IMG_19,6.105084252,128.0971689,212.0997912,109.1174337,173.3992951,178.2141288,7
19,IMG_20,1.423297474,126.1414151,208.1397564,104.735368,172.6989716,177.1631202,7
20,IMG_21,6.404328378,130.1521258,215.6890616,84.33515188,169.192057,181.295113,6
21,IMG_22,6.37523695,119.1453604,205.6006288,81.61052291,169.3843451,180.7424754,6
22,IMG_23,6.900952561,120.6904886,208.9301929,79.15294281,168.5319247,181.8126589,6
23,IMG_24,6.997669111,119.9330841,210.2911183,83.66430217,171.9018208,184.7728731,6
24,IMG_25,6.420598212,123.1018898,209.9638782,81.18752601,168.5578159,181.6012761,6
25,IMG_26,6.553015286,127.035505,214.2504295,62.37989516,168.9560812,189.3936831,5
26,IMG_27,7.805275001,122.142132,214.6326338,62.53916638,167.462975,185.7295951,5
27,IMG_28,8.026611847,132.0549858,216.6100845,64.35124023,167.6226449,185.190033,5
28,IMG_29,7.017529008,126.4064041,212.9957671,64.34985436,172.5301678,192.6140829,5
29,IMG_30,7.495029821,129.8351288,214.423413,64.05205973,169.8733645,187.9385547,5
30,IMG_31,7.881732859,127.1435573,211.5022886,40.46656631,163.6484728,189.5679114,4
31,IMG_32,7.403994637,132.7299459,218.0128531,42.03274726,172.0683854,199.743614,4
32,IMG_33,6.980527364,122.9470208,209.1351916,35.80531728,160.167338,188.4320648,4
33,IMG_34,5.679939785,130.410285,215.067353,38.15095107,165.0319884,192.8340035,4
34,IMG_35,7.028339889,129.2126913,217.3691768,39.10467428,163.2571085,189.0624624,4
35,IMG_36,6.544557867,128.1840031,218.6230348,16.84185283,151.1340822,194.0073625,3
36,IMG_37,6.371707405,123.4920707,214.6451001,15.63674152,157.0226811,198.7391226,3
37,IMG_38,6.661323573,129.3147798,213.5629181,17.52104062,154.7446699,196.9200155,3
38,IMG_39,7.167922696,122.1669055,215.3903555,16.71475286,149.7919056,192.2342543,3
39,IMG_40,6.104568324,126.3673174,214.8744617,17.44781646,157.2730127,196.246931,3
40,IMG_41,6.323943662,133.8052289,222.7317052,8.829392256,146.3603825,201.7071112,2
41,IMG_42,6.85514188,127.643711,216.3026363,7.850614897,145.5475671,200.0190022,2
42,IMG_43,1.07761554,118.5586424,197.0772279,0.805040178,143.8686104,187.3205436,2
43,IMG_44,7.531322311,123.6041062,209.4598006,9.25439408,146.4357517,200.0009251,2
44,IMG_45,1.010448934,117.3957187,195.5867585,0.741913253,141.9451264,185.3725288,2
45,IMG_46,8.844655951,129.5503812,215.6938766,7.882259795,133.3018338,201.4211575,1
46,IMG_47,8.906523942,136.3480023,219.5299767,7.346941606,142.7954598,210.9405428,1
47,IMG_48,7.858016208,133.6448036,217.0056869,5.927465904,140.7914389,208.3271696,1
48,IMG_49,7.585101734,129.5738358,213.7812363,6.291768338,139.4079976,209.3597928,1
49,IMG_50,6.798113833,126.7200133,212.7404388,6.071015766,133.333996,203.0589486,1
50,IMG_51,7.563292413,84.60136848,153.6258402,116.1306708,138.0479579,140.1300539,10
51,IMG_52,7.774028366,85.0515012,150.3787806,111.8926415,133.691926,134.6296111,10
52,IMG_53,7.866773999,85.65832159,152.8072047,112.2171463,135.1165627,136.9263433,10
53,IMG_54,7.695195599,86.98503674,153.146363,108.1835584,132.9226303,135.2611385,10
54,IMG_55,7.652606158,83.49913463,149.8244717,110.5555645,132.332421,133.975649,10
55,IMG_56,7.462998023,83.37018806,151.0608355,82.02056513,129.5861473,136.3576276,9
56,IMG_57,7.665123767,83.2356611,150.8841216,86.85084206,131.0944136,136.1797821,9
57,IMG_58,7.81068992,80.48316993,147.1124565,83.45996887,129.261475,136.1036644,9
58,IMG_59,7.458551019,82.27356789,149.3470803,91.95384745,134.2013547,138.9241449,9
59,IMG_60,7.527301308,87.1787415,154.8631929,92.97899065,135.0772602,140.442597,9
60,IMG_61,8.198252346,79.84137038,148.7470988,99.66182843,129.5359923,134.2673651,8
61,IMG_62,7.619979217,81.36235485,149.9051191,102.4928639,130.3779048,135.6869165,8
62,IMG_63,7.22964114,78.45335794,147.3369592,96.93904496,128.9495743,134.2588739,8
63,IMG_64,7.562531786,82.91576125,151.3702437,102.5996468,132.6580092,137.6334582,8
64,IMG_65,7.961731351,78.87380834,146.4429585,96.09419822,127.0249817,132.0603868,8
65,IMG_66,7.705419625,84.79644481,153.5103949,66.97639975,125.0011169,136.9029282,7
66,IMG_67,9.210739615,83.38588608,149.7676314,67.77558397,123.5588488,134.2246419,7
67,IMG_68,8.226731736,78.79249041,148.6236243,68.36116772,122.9452633,134.8686792,7
68,IMG_69,8.230708771,80.32830921,148.5675713,65.94176117,120.5212579,132.3272941,7
69,IMG_70,8.134123246,80.29267227,149.120235,70.72421271,129.9448787,140.6565762,7
70,IMG_71,7.978937847,83.2956885,152.1277512,45.52198241,119.5147461,136.8142539,6
71,IMG_72,8.261053757,80.58820384,149.5785794,46.17893496,123.9755551,140.6331303,6
72,IMG_73,7.933086342,78.36452356,148.0586455,43.32694707,118.7495673,136.069833,6
73,IMG_74,7.401058612,82.19584325,152.8916622,50.11832078,127.1500374,143.8385974,6
74,IMG_75,7.48407231,81.95834297,150.7649452,45.43548014,122.5565213,139.1917796,6
75,IMG_76,7.502691993,83.62411164,151.2305207,26.69425936,120.0134011,140.6753247,5
76,IMG_77,7.678968582,84.4386442,158.4286408,29.67153379,126.4216307,149.4048757,5
77,IMG_78,8.226093037,86.22790277,152.1891992,29.59350965,117.4969358,138.253239,5
78,IMG_79,8.193060136,80.72010121,148.8272715,29.02715698,120.1134362,141.565873,5
79,IMG_80,7.708074534,88.51517554,155.8170565,30.05349528,124.2252229,146.4659947,5
80,IMG_81,7.630897317,84.01700366,152.3137307,13.85964912,116.2815432,145.2727923,4
81,IMG_82,7.893937482,92.21713156,160.6363751,18.22297023,126.6599196,154.4625672,4
82,IMG_83,8.295034564,83.88668504,153.2367957,14.16759906,117.5170373,147.3071339,4
83,IMG_84,7.892706507,84.2977584,155.6218663,14.01665125,115.1358971,144.3480904,4
84,IMG_85,7.702617394,86.51770019,154.3737678,11.4840055,117.7171698,147.4394105,4
85,IMG_86,8.212810008,83.57081186,154.5690058,9.08132316,105.024596,143.4268044,3
86,IMG_87,7.769035407,71.54075992,142.9621035,7.970225161,98.72675574,138.4759813,3
87,IMG_88,7.770274437,84.1243117,151.8566142,8.936126162,106.2561121,145.2719704,3
88,IMG_89,7.905212672,75.98275064,148.7264925,8.793489274,100.8963922,139.7126999,3
89,IMG_90,7.92430733,77.72289251,145.8750639,8.785952908,101.6129201,137.9071845,3
90,IMG_91,8.063789465,82.0709394,151.8508421,8.475353509,92.98674067,139.1419321,2
91,IMG_92,7.93580997,79.20098601,147.7367661,7.957169912,93.70596805,137.3442432,2
92,IMG_93,7.718017477,77.31767534,145.3470803,8.113495685,96.63940722,140.5152487,2
93,IMG_94,7.87465049,79.49874414,147.2506516,7.987948807,97.70668791,143.9509985,2
94,IMG_95,7.839251033,76.98142523,144.2702057,8.178963539,95.59878914,138.9122125,2
95,IMG_96,7.752049666,73.93858111,142.1717454,7.690299842,78.51320427,133.6946417,1
96,IMG_97,7.688936151,79.0137778,146.1559018,7.785849561,87.50876511,144.9360948,1
97,IMG_98,7.734053842,80.95122814,147.1708784,7.848581203,87.15113705,142.7314148,1
98,IMG_99,8.095552425,85.133226,151.4902797,8.187643389,90.08388006,146.4963172,1
99,IMG_100,8.236274139,80.50035761,148.3266439,8.341577874,83.49059507,139.6126091,1
100,IMG_101,0.202441179,100.2263712,154.0631173,110.7862362,133.1299285,133.6681924,10
101,IMG_102,0.103399984,102.3451334,156.6189995,103.8942424,131.1691962,134.5050189,10
102,IMG_103,0.248072299,99.18837576,152.476909,109.0908737,132.8608885,132.3364195,10
103,IMG_104,0.368785498,98.86104411,153.2076558,113.1657201,134.9503618,134.2002645,10
104,IMG_105,0.273186167,102.7711143,156.4602577,113.400889,135.9737814,135.7138552,10
105,IMG_106,0.079346655,99.21797529,153.5400879,96.55699059,136.2398662,137.4417646,9
106,IMG_107,0.018149131,99.8618269,147.4999572,95.2103474,134.5798027,127.3818091,9
107,IMG_108,0.067299463,101.012215,151.7219326,91.93814775,133.0994942,128.8359174,9
108,IMG_109,0.430271981,103.3087471,148.1022376,103.9959849,135.384566,121.8251827,9
109,IMG_110,0.237051313,101.6846543,153.2197864,97.99917088,133.8434624,128.4778211,9
110,IMG_111,0.099743113,99.33634511,156.6787138,100.9385242,133.3894056,137.6899637,8
111,IMG_112,0.236109922,98.35913021,152.4548412,102.7392347,132.5328311,134.3646948,8
112,IMG_113,0.004673325,98.11903235,154.2113992,100.7113261,133.3993665,136.7037069,8
113,IMG_114,0.035237283,96.68352752,150.5994127,102.4512456,130.0198613,131.191422,8
114,IMG_115,0.038486209,98.93503161,154.3873362,103.9941354,133.9113901,134.722716,8
115,IMG_116,0.194259899,101.3343077,156.794756,71.43342802,128.5919545,135.1353432,7
116,IMG_117,0.331439567,101.0786218,153.3082562,74.49881595,128.562281,130.3602349,7
117,IMG_118,0.092545231,99.24741877,151.8362224,78.11006915,131.0874301,130.5682486,7
118,IMG_119,0.143566475,99.1982707,152.7947094,74.55620238,127.7150073,132.0291927,7
119,IMG_120,0.144264469,98.52136023,151.2823719,77.76358472,133.9184459,134.0081554,7
120,IMG_121,0.421029321,97.81176366,151.3126938,47.32454413,122.5490968,130.1627429,6
121,IMG_122,0.04999572,102.823046,156.639072,56.14981594,135.1594042,141.0799589,6
122,IMG_123,0.07445297,98.95690063,153.7750308,49.52112676,128.9119497,136.2434228,6
123,IMG_124,0.04906697,97.69546273,154.5565028,51.62262006,131.2063086,138.8253292,6
124,IMG_125,0.200154096,100.7935108,155.7738207,49.48454247,129.281513,137.0637789,6
125,IMG_126,0.279412984,98.47467043,147.1368046,29.53445767,125.695574,129.5649345,5
126,IMG_127,0.368826171,95.19224778,146.2991845,31.16200861,124.4066709,127.0118208,5
127,IMG_128,0.000284172,108.2446718,162.6779388,29.33290571,129.459452,141.3226427,5
128,IMG_129,0.048025007,99.27678318,152.5936346,29.57197837,128.1438651,139.5647393,5
129,IMG_130,0.388027527,101.3233563,153.0475085,27.84924236,126.8975259,134.8870816,5
130,IMG_131,0.393288246,99.22908998,152.2847359,4.998956075,122.9843411,139.6066008,4
131,IMG_132,0.041962679,107.609264,159.4108175,8.27361862,131.6369468,145.2117658,4
132,IMG_133,0.348600291,99.77193733,153.9139628,4.366297244,124.8869944,142.3810742,4
133,IMG_134,0.005688167,100.257999,154.635551,3.967320261,122.0929241,137.7422563,4
134,IMG_135,0.088093208,103.1684191,156.9051814,3.388252543,125.6974251,143.4712728,4
135,IMG_136,0.128413663,99.89452958,156.5490968,0.116100064,112.7749473,141.2848896,3
136,IMG_137,0.107370865,96.14144764,152.0960119,0.02947081,117.5307155,143.6890709,3
137,IMG_138,0.005039861,100.9463942,152.4690736,0.006914843,118.5213602,140.4466231,3
138,IMG_139,0.216347475,99.63346468,155.2611564,0.109311357,117.5118878,142.4775978,3
139,IMG_140,0.002125963,99.41739747,152.8955621,0.003167537,118.778358,143.3628114,3
140,IMG_141,0.096823902,105.338156,158.8990669,0.097679993,112.8370859,144.3394401,2
141,IMG_142,0.10375824,98.81525554,151.0985361,0.019834578,114.8435718,143.6083675,2
142,IMG_143,0.002841716,100.7676423,154.5312115,0.000177164,116.9012313,147.7715475,2
143,IMG_144,0.045353884,99.59500399,154.8226592,0.001374507,111.0825621,144.6774489,2
144,IMG_145,0.093365223,97.95322881,150.5965985,0.102171722,112.6161459,144.3600293,2
145,IMG_146,0.025600142,99.09575693,155.281513,0.004167851,102.5464621,148.859335,1
146,IMG_147,0.013195272,102.1177495,149.854852,0.013829686,110.435351,149.6722554,1
147,IMG_148,0.005304537,101.4620631,151.262764,0.002107578,105.6372217,145.2105745,1
148,IMG_149,0.053605791,104.6402456,152.6351141,0.015212484,108.9570125,147.5725783,1
149,IMG_150,0.222396702,99.68053783,148.3976838,0.209339775,101.3241451,138.6230937,1
150,IMG_151,7.257065452,166.4593929,226.8303676,170.4273699,205.9819136,210.4182635,10
151,IMG_152,7.824456622,175.4893787,232.4476941,166.041111,204.3983608,208.2365186,10
152,IMG_153,6.938908482,170.4033714,228.2573376,167.3476,204.5843147,208.3835854,10
153,IMG_154,7.662987491,165.0703057,223.7057328,163.4790217,199.5782216,204.0854745,10
154,IMG_155,7.738885727,164.7777778,223.2872953,162.8611278,199.6251254,203.8955783,10
155,IMG_156,6.848879697,163.2526026,223.3778697,137.7635293,199.4612349,205.0800722,9
156,IMG_157,7.162288866,164.6701827,224.611789,141.5087901,201.1147191,205.6367459,9
157,IMG_158,7.110237849,161.6251637,220.034333,142.3903271,202.6441234,207.8413941,9
158,IMG_159,6.507411238,163.9014133,223.5642882,142.7077396,199.1319821,203.8039334,9
159,IMG_160,6.714788004,156.7260255,215.9123061,143.3449061,200.1233163,203.9809018,9
160,IMG_161,7.643741149,163.2814482,223.2205529,156.9694555,203.0448998,207.4211092,8
161,IMG_162,7.0292721,162.5736031,221.7190529,157.7797238,200.3209995,204.797597,8
162,IMG_163,7.815236125,162.8468804,223.8108928,155.0177269,203.3634357,207.8195197,8
163,IMG_164,8.011572757,166.3691267,224.956618,157.7327396,203.9442286,208.3772491,8
164,IMG_165,8.080160201,165.0265407,223.656405,158.3939862,204.7104,208.5380966,8
165,IMG_166,5.560292759,163.9980814,223.9075535,127.8563784,201.855308,207.8415948,7
166,IMG_167,6.365942778,165.7180972,223.8774905,126.1145122,198.7052051,204.7279559,7
167,IMG_168,7.910964258,165.5533291,222.3997016,125.9269363,197.4064946,202.5270241,7
168,IMG_169,7.845827543,164.5306078,224.9132597,132.4709017,208.7176153,214.0845591,7
169,IMG_170,8.27137071,168.7085199,227.2165849,127.7186101,201.8290343,208.5517658,7
170,IMG_171,9.90030555,168.204363,225.2595751,105.3409859,196.8361255,206.1843502,6
171,IMG_172,9.673088501,166.58626,225.1833567,112.7611211,206.7259348,216.1252927,6
172,IMG_173,9.910306791,165.7808342,225.088797,108.0435481,203.1827547,213.2158004,6
173,IMG_174,8.807645847,163.2584381,222.7792937,111.7019868,204.9563181,213.5818449,6
174,IMG_175,8.766343589,165.4351786,223.0528849,107.6606687,200.0915546,209.5042399,6
175,IMG_176,8.584052445,163.2627601,222.226169,85.54324704,198.5479965,211.5118737,5
176,IMG_177,8.423991727,161.1891761,224.6216477,85.86703961,200.2432186,213.8844077,5
177,IMG_178,10.00334748,169.7341144,227.5665611,83.98374484,196.4978757,210.5234284,5
178,IMG_179,8.434658167,161.4637351,219.6767059,86.71978326,200.5922665,213.7389323,5
179,IMG_180,9.054765067,165.927275,223.1426674,83.60127743,198.4895972,211.8982483,5
180,IMG_181,9.905055107,168.5032326,226.3440059,65.07513898,197.6409229,217.6054755,4
181,IMG_182,10.42275418,176.2659858,232.9868601,68.91374488,206.8171469,225.4018084,4
182,IMG_183,9.694657015,167.3994485,226.2321269,64.35601044,199.4247107,219.390394,4
183,IMG_184,9.624666623,169.2112795,226.9573928,64.28685259,198.9341681,218.6354265,4
184,IMG_185,9.708645027,169.8613153,229.1717947,63.64877,195.9294252,215.37134,4
185,IMG_186,9.983494593,170.2801492,228.671789,43.74256511,195.0119451,222.0783203,3
186,IMG_187,7.580720454,162.7837081,225.736793,36.20281775,187.5227906,215.2172079,3
187,IMG_188,8.113621829,165.8792724,223.2232644,37.8074307,188.9065311,216.3027134,3
188,IMG_189,7.64695246,158.9126045,220.784525,37.637095,190.0148468,217.1974695,3
189,IMG_190,9.656505365,170.9360478,229.899595,39.21274781,186.7459675,214.0687842,3
190,IMG_191,8.745122372,165.2369528,225.2346777,27.08369528,187.3707687,222.0135815,2
191,IMG_192,8.792360693,165.3416951,224.1163957,25.59321694,185.9947154,221.051174,2
192,IMG_193,8.120234402,163.995243,224.5448466,26.69148438,187.2605525,221.5631146,2
193,IMG_194,9.135720884,168.2830953,228.3690045,25.06523129,183.4959142,218.5781283,2
194,IMG_195,9.560520734,175.0808893,234.9041176,25.0299861,183.3946464,219.2883786,2
195,IMG_196,8.003583705,166.4712207,226.1855482,11.36487969,166.5518906,212.7762744,1
196,IMG_197,9.408388521,174.8904275,231.706268,12.87321613,181.2093071,226.3114099,1
197,IMG_198,7.733819033,164.9216158,223.2215573,10.78549295,170.958199,216.4754316,1
198,IMG_199,8.514348786,167.1486387,224.2377417,12.85604964,179.6797656,225.8057222,1
199,IMG_200,9.680136596,170.0784797,227.3722886,13.74021375,176.7281983,221.6447227,1
200,IMG_201,3.866216976,99.93800691,155.9932546,4.00735229,104.543538,153.6852688,1
201,IMG_202,6.078417944,104.4483349,163.13492,4.650194843,106.0324185,155.3817262,1
202,IMG_203,6.0664097,108.9989561,166.0498675,6.942873725,113.8639416,163.9312661,1
203,IMG_204,5.804908382,100.3914269,159.0014095,4.804825471,104.6689329,153.7932178,1
204,IMG_205,5.278165904,104.5692604,162.4137959,4.86644979,109.4160603,159.0166082,1
205,IMG_206,6.135921575,98.91457247,158.633782,11.36933012,114.2264063,155.7083171,2
206,IMG_207,5.781451801,102.103011,160.8807282,11.15739179,115.8525656,156.8226933,2
207,IMG_208,6.530434038,101.6919784,159.9024056,12.18978526,116.2809054,156.1413647,2
208,IMG_209,6.491653112,100.0951117,157.6190395,11.45646777,111.6595326,152.2627344,2
209,IMG_210,5.277031076,102.0777331,160.3988528,10.00679877,115.7841804,157.6649532,2
210,IMG_211,4.960411146,97.9253192,157.4417409,19.39469385,115.567494,150.103789,3
211,IMG_212,5.40638891,104.2325774,160.8440443,20.60272734,119.8687561,154.5019965,3
212,IMG_213,6.366016221,99.2200273,159.0813459,19.82429937,117.31117,152.0831125,3
213,IMG_214,6.4964495,102.4855567,161.3459497,21.84154054,119.6626874,154.5957507,3
214,IMG_215,5.43406714,101.4228041,160.6938492,20.61938847,116.6748619,151.9024352,3
215,IMG_216,5.998634867,102.6897936,160.0941139,37.664097,123.8855697,150.7333976,4
216,IMG_217,6.686298919,104.9799269,165.6146425,39.88615987,124.5380848,154.1545242,4
217,IMG_218,5.746176448,104.4727643,162.2628645,38.45382401,122.8470396,150.2957286,4
218,IMG_219,7.555639268,108.3103292,165.8665712,42.33569809,126.9635047,155.51737,4
219,IMG_220,6.346417539,104.9344534,163.7299782,40.41821743,126.1267234,153.2224064,4
220,IMG_221,4.533952409,100.1725396,155.7946273,52.72861913,123.2842222,144.2986902,5
221,IMG_222,5.100451767,98.93834706,163.5374258,55.59087407,126.0450304,149.3466313,5
222,IMG_223,5.597847908,102.5942343,158.2501405,55.62631292,124.6459192,144.7443398,5
223,IMG_224,6.760882182,104.6376752,162.0763618,59.09724564,127.516502,148.9143178,5
224,IMG_225,6.673658077,99.07353822,155.6185258,56.81170716,122.2151563,144.4956471,5
225,IMG_226,6.527061742,104.2860306,162.7564886,81.26744286,131.9805667,148.0369831,6
226,IMG_227,5.507503524,102.5459746,160.8769588,75.87869189,127.9967469,145.0413492,6
227,IMG_228,6.143591106,102.010807,160.2365134,75.71202055,127.5383116,144.1994862,6
228,IMG_229,7.14181947,102.8321375,161.2866507,77.82451944,129.3799274,146.0089468,6
229,IMG_230,6.220196096,103.9529918,160.8968203,74.80423421,126.6523164,143.3871025,6
230,IMG_231,4.051473541,99.88870152,159.1341845,91.76487593,128.7240022,139.6834498,7
231,IMG_232,2.422709387,99.37637517,158.5936722,89.62654633,126.5383957,138.1920174,7
232,IMG_233,3.118661945,104.7271905,164.0168764,93.62600768,129.7186017,143.417238,7
233,IMG_234,3.920822292,103.5401911,162.7818196,92.57174978,129.3397575,143.6086887,7
234,IMG_235,3.850758644,103.5022801,161.6029351,93.09277838,129.6960451,141.9070558,7
235,IMG_236,4.545330442,101.708504,159.2192243,110.9337898,128.7115848,135.7298685,8
236,IMG_237,5.124450709,104.2407761,162.1401211,116.0379828,133.2000321,140.1952943,8
237,IMG_238,5.583616616,104.2153221,162.6723323,113.1167708,132.5163085,139.7750193,8
238,IMG_239,5.250974214,101.111019,160.0098665,111.7722711,131.7572551,139.0021785,8
239,IMG_240,5.083823895,102.7945444,161.3398557,113.7905726,131.2596162,137.418614,8
240,IMG_241,4.889393031,102.9129355,159.1158291,100.698999,130.4220037,140.1978918,9
241,IMG_242,5.767433336,102.2335746,159.6503253,107.7257084,132.1565791,142.0725965,9
242,IMG_243,5.929800531,100.4133208,156.6125332,100.1854293,128.4170876,137.3194932,9
243,IMG_244,4.738549782,103.0693434,161.037668,102.6680935,131.107525,140.1991268,9
244,IMG_245,4.514128798,102.786695,160.6904952,103.6059881,130.8678359,140.5927894,9
245,IMG_246,4.956119194,101.9930755,156.966856,113.9637838,129.7335582,134.9778367,10
246,IMG_247,5.876816831,102.9074922,158.2894082,117.3876977,129.7551594,134.761182,10
247,IMG_248,5.840311749,100.0032336,156.1385457,115.0778028,127.2110791,134.372909,10
248,IMG_249,5.407345991,100.2537932,157.0012437,117.7981209,129.6901951,135.9604914,10
249,IMG_250,5.776389008,102.4436264,158.2582827,118.7985618,130.126359,135.5289787,10
250,IMG_251,10.76155403,108.8377482,191.3153724,11.9927316,116.2075679,189.5431479,1
251,IMG_252,11.26761924,110.0792514,198.6374321,11.71739047,118.6454976,190.7996692,1
252,IMG_253,11.68485995,111.9617077,201.835479,11.29396563,114.2251798,189.2373692,1
253,IMG_254,11.84515999,114.2348561,199.2778024,12.20071567,122.4214206,195.248509,1
254,IMG_255,10.32215878,106.8229877,196.5779702,10.6685112,115.7593074,191.1160173,1
255,IMG_256,11.8632579,112.984114,201.7537927,13.28375081,129.9082715,190.4311538,2
256,IMG_257,13.53032602,113.2337642,200.9703281,15.1134366,136.9738261,193.203273,2
257,IMG_258,14.43020693,116.8945445,203.6918033,16.26427967,137.9463174,194.5069967,2
258,IMG_259,13.99068502,116.2668376,202.408237,16.75957373,140.3595438,195.9593148,2
259,IMG_260,13.53762068,115.351535,202.1242274,17.0759967,136.7330161,193.7290827,2
260,IMG_261,11.56499345,110.7801021,199.0127863,14.24610477,134.1583522,183.1580286,3
261,IMG_262,13.24462379,109.1895592,199.9228176,22.18262323,137.8177834,186.7974518,3
262,IMG_263,14.53780134,115.3769616,200.6945601,24.54140303,142.4751032,189.5853409,3
263,IMG_264,14.62817115,115.011149,200.7110522,23.36094241,141.4843864,191.6564586,3
264,IMG_265,13.06046762,109.1568933,197.2220908,21.20065061,139.4929291,189.3058329,3
265,IMG_266,13.95294518,114.930656,198.5580051,43.88771159,149.4009131,186.3670586,4
266,IMG_267,13.90365386,119.1945879,202.2143974,45.51420955,152.5555957,188.4270998,4
267,IMG_268,14.19623173,114.4653037,200.48162,42.81507252,147.1718701,184.4784711,4
268,IMG_269,14.00014939,115.982969,203.1494447,46.54267384,150.9757376,188.1790991,4
269,IMG_270,15.15824692,117.6893804,203.1757164,44.42711175,153.2992279,190.7329049,4
270,IMG_271,12.48936806,110.9209203,195.1197152,65.94361361,154.2322324,183.2863597,5
271,IMG_272,13.90207592,113.0621388,195.3627537,72.53649619,154.8907978,182.6826131,5
272,IMG_273,14.63891072,116.164825,199.8211198,70.63332663,157.4218153,187.0357818,5
273,IMG_274,13.62840496,110.9904387,203.7835267,68.67659151,159.0302264,189.6191208,5
274,IMG_275,14.51699108,113.6528735,196.8132137,69.31699273,154.4146749,184.4847965,5
275,IMG_276,11.877774,115.0284077,205.1990482,89.71187819,165.5649031,190.6639859,6
276,IMG_277,12.40246891,111.6919876,199.0699061,90.66290155,160.5992861,183.1656802,6
277,IMG_278,13.53025248,113.9747025,199.5620736,91.92214157,162.2730593,184.0656064,6
278,IMG_279,14.99931969,117.3332461,204.5020148,97.83868063,168.4006919,191.2134496,6
279,IMG_280,13.95716991,118.7058709,201.7376293,96.2529255,164.169611,185.9225139,6
280,IMG_281,8.665560874,110.8005782,199.1056822,113.1155288,163.6543171,184.7607645,7
281,IMG_282,8.38924592,113.1675528,200.567895,118.2749709,166.4683637,184.8590688,7
282,IMG_283,8.304949686,109.5566226,198.9089748,114.1977786,163.9489251,182.3821364,7
283,IMG_284,8.669352163,112.4471826,201.7529975,115.4418748,168.9381966,187.924717,7
284,IMG_285,7.885354874,114.4595482,201.4921116,112.9083115,165.7048501,184.6095794,7
285,IMG_286,8.559219152,111.1570922,198.6584276,144.691159,169.1640456,183.0129069,8
286,IMG_287,8.36113873,106.7634099,195.6223769,146.8989031,171.2176556,182.8987269,8
287,IMG_288,11.91696552,109.6094897,197.7027862,145.0699493,172.2401308,181.8635136,8
288,IMG_289,8.067559789,108.9435868,199.6315872,146.2276239,172.4770253,186.5722225,8
289,IMG_290,8.13550122,109.9825208,200.0688213,145.4486368,171.7932549,184.9575311,8
290,IMG_291,8.821397913,113.7488818,200.6648444,132.8741504,169.6781173,186.2741689,9
291,IMG_292,12.28609133,109.3839948,198.8553857,138.3839038,173.8498745,185.7145941,9
292,IMG_293,11.08852661,113.1163926,199.826975,134.2937316,172.7562222,184.4604643,9
293,IMG_294,11.25028634,114.7703302,202.621732,137.6238846,174.0965371,186.6260114,9
294,IMG_295,11.3531297,114.3828485,204.4490361,136.4248925,175.623561,189.2304776,9
295,IMG_296,9.983118371,116.6302973,201.0918281,160.5666968,177.8928802,187.1094887,10
296,IMG_297,11.33422719,117.7464053,201.8992556,159.3423784,176.9207047,187.7574191,10
297,IMG_298,10.76338499,116.9493516,202.7015316,160.8355579,178.7112462,187.5917801,10
298,IMG_299,10.70443429,115.0029562,200.1176028,160.7053031,177.679227,186.3267835,10
299,IMG_300,11.45542865,119.522108,203.1843515,160.1364864,179.727975,190.054642,10
300,IMG_301,8.582692695,87.92199638,145.4956329,9.438596491,91.31822963,139.3905928,1
301,IMG_302,8.588203122,86.62657243,147.4467163,9.056941035,86.6385838,135.8136279,1
302,IMG_303,8.628532128,88.22350167,147.2901945,9.122975728,91.67680886,140.130592,1
303,IMG_304,8.370213466,83.93361576,143.8496278,8.92061088,88.62299634,137.7535866,1
304,IMG_305,9.052852383,90.01702793,148.585736,9.515419244,94.05162186,143.5254744,1
305,IMG_306,8.819092095,88.64731373,150.2577727,11.94380035,104.9390843,144.8527412,2
306,IMG_307,9.134599647,90.63466425,152.5741052,12.31415292,105.3580389,146.1523876,2
307,IMG_308,8.977313775,89.38778027,150.8282895,12.55166473,106.0162381,145.173752,2
308,IMG_309,9.259115348,89.6805223,151.537975,12.23003392,102.795824,143.9619841,2
309,IMG_310,8.31402284,86.92759721,147.1031948,11.4153121,101.7749438,141.4994934,2
310,IMG_311,9.088168662,90.82500347,154.2671413,17.43478261,111.2756266,145.820052,3
311,IMG_312,8.955420466,91.1431655,151.4670279,17.41407867,108.0156821,141.471433,3
312,IMG_313,8.774987886,90.73635523,151.8899167,16.90939004,110.5001028,144.3405997,3
313,IMG_314,8.438746979,86.73366191,149.0953983,16.21283351,105.6418179,139.8186342,3
314,IMG_315,8.412461031,87.63000949,146.0890977,15.56020422,104.7908553,138.7397099,3
315,IMG_316,9.020439628,92.97458262,152.5525307,33.53592728,116.1201004,142.2070497,4
316,IMG_317,8.563367253,87.8331351,149.3573851,32.96341128,110.6754569,137.1447829,4
317,IMG_318,9.049383274,93.46374192,153.605476,32.9581294,116.5137992,142.827911,4
318,IMG_319,8.587771464,87.51755429,146.1242677,31.67078968,109.3089739,135.6444529,4
319,IMG_320,9.366944187,90.42874763,151.1725915,34.98140912,114.254514,141.2803438,4
320,IMG_321,8.740026205,86.46536845,145.7380382,47.82174261,114.8397493,135.6772687,5
321,IMG_322,8.63016559,82.82659156,146.3830428,47.1050174,114.8674508,135.1317563,5
322,IMG_323,8.444819455,86.92963151,145.2762495,47.57825032,113.922017,134.3366512,5
323,IMG_324,8.863011703,89.24411208,148.744282,50.29634482,117.6746939,138.2179099,5
324,IMG_325,8.667411256,88.76380323,148.4284466,49.23474737,118.3928461,138.9146734,5
325,IMG_326,9.857271947,93.73022184,151.5507613,65.55870396,120.5669551,136.0249145,6
326,IMG_327,9.533185741,91.30962816,151.9588849,67.94303505,125.2999705,140.5838277,6
327,IMG_328,9.222062971,88.02820288,146.8734107,66.22004689,120.025583,135.6175297,6
328,IMG_329,10.03897545,92.16570345,151.9995839,69.97141447,125.4576564,140.3051043,6
329,IMG_330,9.073124496,87.59395289,147.2994171,69.76250578,122.3904245,137.129244,6
330,IMG_331,9.504970819,85.63835782,143.443067,82.73076132,119.1064862,130.6422079,7
331,IMG_332,9.908914973,90.94088939,150.6188313,87.56733469,124.9062584,136.8743317,7
332,IMG_333,9.463082166,92.12406917,151.1313055,87.38674948,124.8010917,137.20655,7
333,IMG_334,8.850403066,87.00343597,148.1188934,82.51270469,121.7309994,132.5794466,7
334,IMG_335,9.675927122,88.63393203,150.301977,88.04564769,126.0212041,138.4627035,7
335,IMG_336,9.567021758,91.22115741,151.1170567,112.1345925,127.8506751,136.0309266,8
336,IMG_337,9.224157516,88.85817662,149.8728175,110.0567692,126.7367839,134.7133174,8
337,IMG_338,9.42817497,88.99577111,149.4545615,107.680971,125.7569523,134.0694181,8
338,IMG_339,9.370230132,85.78572931,146.0441331,107.4897771,125.6474857,132.6880457,8
339,IMG_340,9.136100029,85.48114178,145.9257599,106.5343497,123.8670807,131.221118,8
340,IMG_341,9.75609004,95.40099555,153.5677723,101.1552311,130.6664513,139.7920059,9
341,IMG_342,8.969439179,86.24744556,145.6968884,98.74626685,124.8792514,134.3511773,9
342,IMG_343,9.858207348,92.50626696,151.4976526,101.0280398,128.1512685,138.7436792,9
343,IMG_344,9.480509971,86.64125425,145.7952362,95.22365266,121.4828558,131.0810299,9
344,IMG_345,9.199204807,88.71585415,149.2085574,99.41185338,124.9282422,135.2847482,9
345,IMG_346,9.915191455,93.18340009,151.5103588,116.1500194,129.6353965,137.8110006,10
346,IMG_347,9.333861944,91.1860711,151.2620589,114.2857536,126.7233248,133.8244056,10
347,IMG_348,9.608556306,94.62875734,152.8146458,117.3515403,130.7400979,138.6606342,10
348,IMG_349,9.25757918,93.69868522,153.2987394,120.9372483,132.2994542,139.1590439,10
349,IMG_350,9.334432747,90.18858718,151.4349162,114.9089016,127.5471802,136.0475928,10
350,IMG_351,11.24056302,161.7355319,220.0207643,15.43977524,169.4856835,216.0022117,1
351,IMG_352,11.22200896,162.1656488,222.1080091,16.71095386,168.7107274,217.1993773,1
352,IMG_353,7.983282378,158.5153191,220.2044494,13.88067237,159.8573979,209.3710363,1
353,IMG_354,9.192869191,160.5636596,221.1730937,12.65842711,167.1104534,216.0599753,1
354,IMG_355,10.23582292,157.3123576,218.2220922,15.69860242,164.0764561,213.7826472,1
355,IMG_356,8.269742473,162.4863456,223.3716642,31.57228961,182.9443231,219.8851804,2
356,IMG_357,7.015856601,160.5584971,222.5647708,28.78247577,179.8844728,217.6478892,2
357,IMG_358,7.142587654,157.4726468,220.7388929,29.1782078,180.3726048,217.3838614,2
358,IMG_359,7.30363235,159.1956653,224.7045287,25.52110844,178.8686008,218.8628765,2
359,IMG_360,8.042477758,159.2355341,222.5964947,30.24918055,181.2511205,218.9988628,2
360,IMG_361,7.215236125,154.2399173,221.0115822,45.64807011,180.8494883,215.3372801,3
361,IMG_362,6.953174125,157.5229781,218.4873236,44.03061013,180.6682523,214.7437435,3
362,IMG_363,6.714954791,158.9803552,219.3956287,46.43363056,183.6060836,213.8248277,3
363,IMG_364,6.124040079,154.3418416,218.7659621,45.28274702,180.774446,211.9346157,3
364,IMG_365,9.983494593,170.2801492,228.671789,43.74256511,195.0119451,222.0783203,3
365,IMG_366,9.708645027,169.8613153,229.1717947,63.64877,195.9294252,215.37134,4
366,IMG_367,9.624666623,169.2112795,226.9573928,64.28685259,198.9341681,218.6354265,4
367,IMG_368,9.694657015,167.3994485,226.2321269,64.35601044,199.4247107,219.390394,4
368,IMG_369,10.42275418,176.2659858,232.9868601,68.91374488,206.8171469,225.4018084,4
369,IMG_370,9.905055107,168.5032326,226.3440059,65.07513898,197.6409229,217.6054755,4
370,IMG_371,9.054765067,165.927275,223.1426674,83.60127743,198.4895972,211.8982483,5
371,IMG_372,8.434658167,161.4637351,219.6767059,86.71978326,200.5922665,213.7389323,5
372,IMG_373,10.00334748,169.7341144,227.5665611,83.98374484,196.4978757,210.5234284,5
373,IMG_374,8.423991727,161.1891761,224.6216477,85.86703961,200.2432186,213.8844077,5
374,IMG_375,8.584052445,163.2627601,222.226169,85.54324704,198.5479965,211.5118737,5
375,IMG_376,8.766343589,165.4351786,223.0528849,107.6606687,200.0915546,209.5042399,6
376,IMG_377,8.807645847,163.2584381,222.7792937,111.7019868,204.9563181,213.5818449,6
377,IMG_378,9.910306791,165.7808342,225.088797,108.0435481,203.1827547,213.2158004,6
378,IMG_379,9.673088501,166.58626,225.1833567,112.7611211,206.7259348,216.1252927,6
379,IMG_380,9.90030555,168.204363,225.2595751,105.3409859,196.8361255,206.1843502,6
380,IMG_381,8.27137071,168.7085199,227.2165849,127.7186101,201.8290343,208.5517658,7
381,IMG_382,7.845827543,164.5306078,224.9132597,132.4709017,208.7176153,214.0845591,7
382,IMG_383,7.910964258,165.5533291,222.3997016,125.9269363,197.4064946,202.5270241,7
383,IMG_384,6.365942778,165.7180972,223.8774905,126.1145122,198.7052051,204.7279559,7
384,IMG_385,5.560292759,163.9980814,223.9075535,127.8563784,201.855308,207.8415948,7
385,IMG_386,8.080160201,165.0265407,223.656405,158.3939862,204.7104,208.5380966,8
386,IMG_387,8.011572757,166.3691267,224.956618,157.7327396,203.9442286,208.3772491,8
387,IMG_388,7.815236125,162.8468804,223.8108928,155.0177269,203.3634357,207.8195197,8
388,IMG_389,7.0292721,162.5736031,221.7190529,157.7797238,200.3209995,204.797597,8
389,IMG_390,7.643741149,163.2814482,223.2205529,156.9694555,203.0448998,207.4211092,8
390,IMG_391,6.714788004,156.7260255,215.9123061,143.3449061,200.1233163,203.9809018,9
391,IMG_392,6.507411238,163.9014133,223.5642882,142.7077396,199.1319821,203.8039334,9
392,IMG_393,7.110237849,161.6251637,220.034333,142.3903271,202.6441234,207.8413941,9
393,IMG_394,7.162288866,164.6701827,224.611789,141.5087901,201.1147191,205.6367459,9
394,IMG_395,6.848879697,163.2526026,223.3778697,137.7635293,199.4612349,205.0800722,9
395,IMG_396,7.738885727,164.7777778,223.2872953,162.8611278,199.6251254,203.8955783,10
396,IMG_397,7.662987491,165.0703057,223.7057328,163.4790217,199.5782216,204.0854745,10
397,IMG_398,6.938908482,170.4033714,228.2573376,167.3476,204.5843147,208.3835854,10
398,IMG_399,7.824456622,175.4893787,232.4476941,166.041111,204.3983608,208.2365186,10
399,IMG_400,7.257065452,166.4593929,226.8303676,170.4273699,205.9819136,210.4182635,10
400,IMG_401,9.333284575,123.3341622,171.1739925,13.54672061,129.5362172,166.9827278,1
401,IMG_402,6.990585855,114.6456858,161.6687155,10.78197908,123.5071308,159.555328,1
402,IMG_403,5.71051466,108.4454779,153.5105855,8.721031077,114.8206055,149.0291496,1
403,IMG_404,8.038731688,123.9116998,174.3396883,12.66735608,131.7279559,169.5446398,1
404,IMG_405,9.980727788,147.6322887,201.0184102,14.77015185,148.9110977,189.0996053,1
405,IMG_406,9.388186501,129.2901866,180.3024283,26.75718718,153.2895553,176.8893485,2
406,IMG_407,8.031549776,123.7729695,175.2381155,23.9415374,149.6301965,172.8778352,2
407,IMG_408,8.173681129,129.6266831,181.3530866,24.82473744,152.0573282,176.6611813,2
408,IMG_409,8.47207171,125.6370995,175.2212857,23.25801057,147.3418289,171.9773898,2
409,IMG_410,8.647200482,126.9412001,178.1594756,23.04442854,149.1672413,174.3831393,2
410,IMG_411,7.348277627,122.4237548,173.6604257,33.07662171,153.1138401,168.5600844,3
411,IMG_412,8.082661151,129.795312,178.7650465,36.19093299,159.1728132,175.2800398,3
412,IMG_413,8.319477013,125.5439494,175.1277624,35.26831226,153.799719,168.2683123,3
413,IMG_414,7.58655636,121.5566356,172.8975526,33.77263013,151.8093071,166.9991727,3
414,IMG_415,9.498860908,128.6942922,177.6389385,36.86078068,157.5028394,171.7390759,3
415,IMG_416,7.879831236,125.7332932,174.2602275,54.83083449,162.1802823,167.4968917,4
416,IMG_417,7.693702918,120.5504279,167.5072771,54.32889637,157.1843048,161.0724786,4
417,IMG_418,8.908931243,125.701945,172.5193521,55.20321343,157.4731022,161.7838418,4
418,IMG_419,7.885028068,118.1667733,165.4738862,53.17900863,151.8664794,155.9833434,4
419,IMG_420,8.091830403,119.1682868,165.1378835,51.81483711,151.1462305,155.1210114,4
420,IMG_421,7.341647126,127.8198678,176.1649968,78.65643431,167.0190436,165.3028494,5
421,IMG_422,8.047378142,121.9372842,175.5870874,80.57877538,167.4182681,165.0273866,5
422,IMG_423,8.600137883,126.6530162,176.1638745,80.38151069,167.5804732,165.0788034,5
423,IMG_424,8.138099902,120.546749,168.3328562,76.58845901,161.9950267,159.4642727,5
424,IMG_425,7.788957578,121.8967526,170.2136716,73.72919775,160.9283735,159.392951,5
425,IMG_426,7.484897243,130.1808674,180.4764134,104.9060613,173.0666525,166.3314858,6
426,IMG_427,8.999610986,120.4521123,169.9124718,102.4602501,167.2096102,160.5399693,6
427,IMG_428,8.614715132,124.2708989,171.8196446,99.54208893,166.3140986,159.8053775,6
428,IMG_429,8.47824179,121.8224969,171.4421122,98.1314574,167.0928729,160.813899,6
429,IMG_430,8.155269509,119.5619103,168.44416,99.39048604,167.4432954,161.3593244,6
430,IMG_431,7.788404401,120.1610857,172.2592146,120.470007,168.3704194,160.1618299,7
431,IMG_432,7.198297295,115.0608001,162.2348376,120.5541107,164.779649,155.323172,7
432,IMG_433,8.024259775,122.7897235,173.2656521,126.3675833,170.2297307,160.8310239,7
433,IMG_434,8.304033092,121.6182696,169.3517408,125.4963543,168.4990969,159.1739916,7
434,IMG_435,8.449371136,126.5370568,175.406381,126.7749579,172.0948585,162.8113801,7
435,IMG_436,7.712422236,127.3564118,177.3460432,154.9826319,172.7391531,159.8441423,8
436,IMG_437,7.876856392,127.4824842,176.2591487,159.0528679,174.1772592,161.6062101,8
437,IMG_438,7.927473285,134.376284,183.4206825,159.5303773,178.4956299,166.1262702,8
438,IMG_439,7.623578077,126.7678042,173.7023095,154.1119138,173.5908756,160.7874774,8
439,IMG_440,8.171534143,133.4861792,183.6611241,156.586862,179.200883,166.6542913,8
440,IMG_441,8.034889505,142.1141192,190.5330775,151.2829369,188.3140986,176.1274043,9
441,IMG_442,4.53748263,127.7422658,177.637607,133.9469199,169.7109217,160.3063163,9
442,IMG_443,6.734022751,135.563323,184.2821096,140.3494548,180.3595558,168.6122818,9
443,IMG_444,7.526182268,143.3778052,191.5731477,142.6045664,185.6460027,173.4270474,9
444,IMG_445,6.036591076,132.5257208,181.0320423,135.3091846,176.5974982,165.6146899,9
445,IMG_446,5.818659845,129.8622184,175.7926526,161.0459035,175.4787892,162.2354153,10
446,IMG_447,7.236518572,130.5369804,174.8487608,158.5137467,175.2319888,162.3412268,10
447,IMG_448,6.364812051,124.8366375,170.2663966,159.3345349,172.9981028,160.535572,10
448,IMG_449,5.979248535,128.0817649,175.4648052,164.8990438,178.358941,165.7429259,10
449,IMG_450,5.095908988,120.3032472,166.5006404,153.7111341,167.6786625,154.481696,10
450,IMG_451,8.617133997,109.1094457,171.8501529,8.527628428,112.1095649,163.6329011,1
451,IMG_452,8.153940006,106.4108713,168.858429,7.635258359,111.1684948,163.3656667,1
452,IMG_453,7.197039778,101.037223,163.8038412,6.731705216,106.1556618,158.2748848,1
453,IMG_454,7.501873627,104.700392,168.5738898,7.359101794,110.0515972,162.6192111,1
454,IMG_455,8.100420731,97.2826298,162.2123538,6.88943652,102.7980191,156.1725985,1
455,IMG_456,7.359650256,105.5983547,171.56562,7.81555808,118.6563591,160.9603685,2
456,IMG_457,7.459632294,106.0291977,171.3993437,8.050443855,120.9734107,163.3374143,2
457,IMG_458,6.774153745,98.54008144,164.7600049,7.592111089,114.1992353,157.0445562,2
458,IMG_459,6.504438554,99.62064033,166.5027557,7.495866409,116.0039485,158.184099,2
459,IMG_460,6.778997854,102.5551348,169.0201102,7.400804991,119.2807003,161.8042262,2
460,IMG_461,6.80447744,108.35331,173.5849521,11.71825317,127.9062186,160.909519,3
461,IMG_462,6.910336034,104.970962,173.8075104,9.856249743,122.8398799,157.8023691,3
462,IMG_463,6.523875636,114.9463587,187.6117632,9.314358574,135.3146054,174.5547238,3
463,IMG_464,6.618595897,109.5283644,176.1237342,10.54755484,128.8042665,164.8580801,3
464,IMG_465,7.123875025,107.3745726,179.1320888,11.04841032,128.6028462,165.232715,3
465,IMG_466,5.897328498,107.8879297,176.3964346,20.07290474,133.3344455,159.4547582,4
466,IMG_467,6.15561974,106.2284747,178.4504258,17.81515558,134.5555504,161.2707938,4
467,IMG_468,6.097877849,110.277729,179.1017615,17.23436127,133.780896,160.8121504,4
468,IMG_469,6.20162191,109.3957656,180.8620891,17.46175394,136.2367957,163.5058058,4
469,IMG_470,6.10947454,112.4793747,182.5415895,19.49037487,140.9536584,168.3052288,4
470,IMG_471,6.863916281,101.3968203,172.1706581,32.86485978,136.3206098,157.949106,5
471,IMG_472,6.887663514,102.9386999,175.7923526,31.23127648,141.061853,162.9003868,5
472,IMG_473,7.543175295,101.2687001,175.1054051,28.60246957,138.8753925,160.967825,5
473,IMG_474,7.603419139,95.13594026,172.3227746,27.05943236,134.8763028,157.5126402,5
474,IMG_475,7.078562018,100.5777527,172.3601355,30.81946698,134.8298532,157.9750442,5
475,IMG_476,6.385390532,100.180603,169.385226,58.46258805,137.4577581,149.7381364,6
476,IMG_477,7.148899513,100.0039195,171.7734419,58.96058922,137.8531679,151.4828789,6
477,IMG_478,7.620740672,98.0675482,169.4970179,47.32513986,131.6778997,148.3044359,6
478,IMG_479,7.01431655,99.12563323,172.3240386,46.73139656,134.7880992,151.0069579,6
479,IMG_480,7.195274025,101.9682375,175.7059594,48.9747436,138.5180952,154.6974201,6
480,IMG_481,6.796864411,97.84340126,168.1603488,85.46991322,139.3812775,145.2321392,7
481,IMG_482,7.503208856,94.31520007,165.1373562,70.46965586,134.0702933,144.246845,7
482,IMG_483,7.067265759,95.00651954,165.1776574,77.39735944,135.4805248,143.944104,7
483,IMG_484,7.646982814,97.17289055,168.5923677,69.12943102,135.4279192,146.6342335,7
484,IMG_485,6.704699398,93.28011275,161.0237284,66.72860404,127.6335444,136.33553,7
485,IMG_486,7.309716894,95.57276745,166.0854659,111.0744282,138.7971314,140.2578283,8
486,IMG_487,6.906390677,92.59232614,160.6583786,99.624327,131.5925399,136.4112504,8
487,IMG_488,6.723316153,97.72930708,166.9459936,107.9259328,136.6789958,140.199362,8
488,IMG_489,7.242206235,97.0383693,167.1599142,109.4097396,136.6411385,140.6076996,8
489,IMG_490,6.836054786,101.2292601,171.5878337,117.9405949,143.9997055,146.1141403,8
490,IMG_491,7.391265021,92.04160744,158.2754016,94.17267962,132.0642703,135.049293,9
491,IMG_492,6.489325691,95.33323076,161.9751894,94.21511126,134.3565171,138.1624234,9
492,IMG_493,5.830942032,99.23795053,166.3541178,101.6911652,138.065325,141.0898772,9
493,IMG_494,6.932669765,92.58635298,160.7149262,92.82683327,132.1295805,136.3443561,9
494,IMG_495,7.106146662,93.93361101,163.3457024,95.48469247,134.235449,138.2252702,9
495,IMG_496,7.617709801,92.7737573,159.0941034,115.8965933,129.1516657,128.9377,10
496,IMG_497,6.938038773,93.62239789,161.6629023,115.7247134,132.4370788,134.2830834,10
497,IMG_498,6.488259501,94.19203237,161.5660684,107.9985775,129.7875699,133.8972396,10
498,IMG_499,7.25528236,93.560397,158.9660062,109.6391864,129.6830394,132.287605,10
499,IMG_500,7.699556421,88.80190414,157.0439251,103.3380843,126.2915505,130.9100018,10
500,IMG_501,7.298402033,111.5672568,173.5582978,7.40955405,116.0517511,165.3382778,1
501,IMG_502,6.269993963,102.9242906,161.8670155,7.078000757,111.7735706,158.2299634,1
502,IMG_503,6.241393493,104.2253527,161.5019126,7.30994152,112.9575918,159.7815222,1
503,IMG_504,6.653750684,105.7437418,163.7248096,7.321548742,112.5867968,160.0138856,1
504,IMG_505,6.372274349,105.1074843,162.2322365,6.898959215,110.1360988,157.6238235,1
505,IMG_506,7.449599545,118.1915075,185.3617838,7.912184257,141.1208947,178.9328468,2
506,IMG_507,7.686786772,116.1272277,182.4782693,7.737690157,140.1005166,176.7452727,2
507,IMG_508,7.97033316,120.3741055,189.5611108,8.150499255,141.5054444,180.7087155,2
508,IMG_509,7.870524376,120.0048802,186.9001046,7.783518671,140.3455058,178.7854125,2
509,IMG_510,7.922314626,120.8251581,187.0703152,7.544429174,138.9373015,177.1159187,2
510,IMG_511,7.842422182,120.1038702,189.3717768,8.329530588,148.5378617,178.9865508,3
511,IMG_512,7.626242545,126.6677146,193.052106,8.851600058,152.3895984,183.480066,3
512,IMG_513,7.613019557,126.4598918,194.8977299,8.661972515,150.8722867,179.0485116,3
513,IMG_514,7.97425427,122.7597729,192.0666301,8.410527849,149.9435731,179.8205215,3
514,IMG_515,7.985639399,124.6623056,189.7325668,8.614195997,148.6854923,176.4136357,3
515,IMG_516,7.558879212,127.9981068,194.0714797,27.65715848,160.8635618,179.8236358,4
516,IMG_517,7.760275556,115.9790097,179.3872116,22.98594776,150.2332056,169.0189419,4
517,IMG_518,7.543015726,119.9841857,183.3464605,23.27725908,153.737918,172.3445071,4
518,IMG_519,7.544689661,117.5864499,182.8737941,27.7634492,151.32235,167.909549,4
519,IMG_520,7.819640298,116.4898054,179.013824,26.03501744,150.2579575,167.9362105,4
520,IMG_521,7.88057438,121.0374864,179.9935548,64.08127665,162.6728259,173.0416936,5
521,IMG_522,8.717751773,120.4861067,185.6007771,66.23161975,164.6319105,174.0785868,5
522,IMG_523,8.530144306,124.6985149,184.9511128,65.65320375,164.2507888,173.1502377,5
523,IMG_524,8.090924753,121.6934574,181.5351682,65.59919501,164.7011069,173.5880861,5
524,IMG_525,8.019742013,121.8831661,181.3492533,63.79906965,162.4425636,171.7560408,5
525,IMG_526,39.91374816,143.1257286,196.4404531,111.6559511,179.9033652,184.2317292,6
526,IMG_527,37.61389801,137.1455916,190.2888714,105.4626329,173.5795659,178.8626718,6
527,IMG_528,35.48964504,136.876404,188.8866878,107.1353738,173.8143696,178.0412872,6
528,IMG_529,29.43457656,137.7830908,192.0956353,108.6126497,178.0369411,180.8889916,6
529,IMG_530,36.91889564,136.7017703,189.9865185,107.9094113,174.958659,179.0967786,6
530,IMG_531,37.88975738,141.0349252,192.5051733,129.2961506,179.6767093,180.856531,7
531,IMG_532,35.50196539,139.2509827,190.690914,128.5075227,179.8274522,181.331993,7
532,IMG_533,35.50589617,135.6008675,189.2082863,126.7256133,178.7075408,180.0244883,7
533,IMG_534,28.55855564,136.4861066,189.0950576,126.8265485,179.0805175,180.6058481,7
534,IMG_535,38.354296,137.0292403,190.8547462,128.4838052,179.8549507,181.3429806,7
535,IMG_536,39.5416061,142.1067354,197.0905687,152.1068473,182.9144205,184.6147765,8
536,IMG_537,36.07283242,138.8115032,192.3883793,153.9485722,182.788474,183.7782659,8
537,IMG_538,37.35927207,137.8712857,190.7308184,146.4939057,178.0072355,179.1638421,8
538,IMG_539,36.29176659,136.6454205,189.1878918,147.2266443,177.4882629,178.1241763,8
539,IMG_540,34.5346666,131.8646036,186.6426236,145.9066632,177.3150709,178.1702201,8
540,IMG_541,34.24637419,139.3818732,193.2573985,141.6806308,184.2558478,185.5046474,9
541,IMG_542,36.52138672,141.2330734,194.2897229,140.5265407,183.4976433,184.7608475,9
542,IMG_543,37.23263275,140.8430469,194.4456875,141.928241,184.5749967,186.2928505,9
543,IMG_544,36.8156954,141.652496,195.5351251,146.1665838,186.2869471,187.5443907,9
544,IMG_545,36.65248227,140.0792036,193.7916391,145.1500694,184.8269595,186.1567167,9
545,IMG_546,33.39462463,132.1176293,184.3833829,153.2744331,178.1390887,178.9395852,10
546,IMG_547,34.00727839,133.4952669,183.683916,147.9073329,173.8902092,174.8339132,10
547,IMG_548,33.63531033,130.8704398,181.4647457,149.471106,173.4488957,174.1171801,10
548,IMG_549,33.67507095,129.8312425,183.2015383,151.2222179,175.2564911,176.1105128,10
549,IMG_550,32.24271109,126.4995582,179.1345029,145.1115347,169.4442523,170.5728041,10
550,IMG_551,1.028105677,99.14574801,147.0570144,1.184230802,103.5282938,140.9487201,1
551,IMG_552,1.04712552,92.47293826,135.8648242,1.043984239,97.45853569,133.7063136,1
552,IMG_553,1.026369321,91.34867777,140.3954645,1.31774683,98.8962888,138.9424259,1
553,IMG_554,0.850362027,98.26731515,150.2377679,0.970891538,104.3788488,146.8689388,1
554,IMG_555,0.011939309,97.08614543,143.9366553,0.016779385,103.19887,139.1965585,1
555,IMG_556,0.021984493,95.3147512,144.6913338,0.018791265,110.947486,139.7014728,2
556,IMG_557,0.019235553,98.54423348,148.7061604,0.009636232,115.9417008,142.5201959,2
557,IMG_558,0.015338695,98.50228008,149.7831026,0.003809018,113.2699973,142.8882983,2
558,IMG_559,0.017273452,97.98272655,146.9795376,0.01960964,111.8516448,139.8443141,2
559,IMG_560,0.018235132,97.4731971,148.8099514,0.017502062,110.5188308,141.0999725,2
560,IMG_561,0.019192163,99.63872159,149.0469766,0.050410414,119.1220463,138.7302048,3
561,IMG_562,0.023549895,96.70906259,146.9541831,0.087784569,118.5510674,138.0019488,3
562,IMG_563,0.017464258,99.45612533,150.571612,0.178669501,118.9107981,138.1187882,3
563,IMG_564,0.020645054,100.8983501,149.5664539,0.132824807,121.5357765,142.2625819,3
564,IMG_565,0.070060526,97.3703673,149.0002487,0.175327455,118.7726222,138.8482151,3
565,IMG_566,0.014012105,96.04634773,147.5557582,7.257940245,121.0594127,135.0029107,4
566,IMG_567,0.009361515,99.87252249,150.8982667,11.80068216,127.6763306,135.7277766,4
567,IMG_568,0.010751115,98.99846413,148.6321948,11.34925034,124.1340865,134.6960847,4
568,IMG_569,0.006856024,100.0542455,151.8622015,11.79236043,128.5982822,140.3030212,4
569,IMG_570,0.014481094,99.00877642,148.4403569,11.87793462,125.9401009,135.6896804,4
570,IMG_571,0.054307271,92.12080259,146.1989885,28.30295995,122.061189,134.012271,5
571,IMG_572,0.015793978,97.02583055,145.9800047,38.2407452,129.8147434,132.8943227,5
572,IMG_573,0.016301293,96.3775797,146.3288364,37.2115956,127.4488075,131.8333735,5
573,IMG_574,0.047941101,96.60756785,150.1386868,39.34821508,130.3298786,133.7861635,5
574,IMG_575,0.01155723,99.4238507,149.2821676,39.60748224,129.4407157,133.8634535,5
575,IMG_576,0.020374968,98.01737865,151.0816711,61.95728105,131.6433525,133.3543361,6
576,IMG_577,0.027566133,99.24895129,152.3453471,67.42359819,134.046594,134.9541146,6
577,IMG_578,0.012242103,100.0368119,151.3026282,63.31178837,132.0751648,131.338156,6
578,IMG_579,0.016779385,98.78409383,149.8264703,63.17318723,131.5126273,130.6707474,6
579,IMG_580,0.01532403,98.793254,147.2315726,63.68978652,133.3220834,129.4941093,6
580,IMG_581,0.026795651,93.99666124,146.4151186,84.21314029,129.9255933,131.873362,7
581,IMG_582,0.012205894,96.62507026,145.1612463,90.1080864,133.1505661,126.2955111,7
582,IMG_583,0.015089959,96.94851173,146.3496393,90.25337866,134.9312661,127.5152972,7
583,IMG_584,0.032584363,95.30917834,149.9654258,85.61595754,132.0457153,134.5958394,7
584,IMG_585,0.006643635,113.0231199,167.4066791,104.0729914,154.2222517,146.5428293,7
585,IMG_586,0.056484867,94.97837081,151.2751109,109.2572874,131.9229101,133.8576247,8
586,IMG_587,0.024281431,98.87105975,153.1742851,107.9144299,134.7593798,132.4769253,8
587,IMG_588,0.018283669,96.12191706,150.3728312,106.4850344,132.8573087,130.4246746,8
588,IMG_589,0.015896934,97.03932796,150.4177654,112.9489942,133.6210352,130.8092368,8
589,IMG_590,0.024376088,96.27933007,150.8272117,110.8845989,132.7467683,130.6789658,8
590,IMG_591,0.041006763,96.56656108,153.8007876,103.1339783,134.6278572,137.0178923,9
591,IMG_592,0.018850052,97.06829592,151.2361466,99.215781,136.1075116,134.0981339,9
592,IMG_593,0.018070688,98.52626451,155.6121003,91.20081495,136.1090442,138.8262025,9
593,IMG_594,0.012932944,100.2072814,154.9343609,96.08503853,137.3591106,137.2703517,9
594,IMG_595,0.024873559,99.77605505,156.9383965,87.31774294,139.1915139,141.1571441,9
595,IMG_596,0.072725662,91.75383116,145.9761715,118.2649482,128.8944105,130.7786341,10
596,IMG_597,0.024484205,93.4107525,146.1943327,114.6593614,132.475473,129.3130725,10
597,IMG_598,0.013783067,94.48138002,142.7448849,118.7847908,130.9090982,124.4076126,10
598,IMG_599,0.019593672,94.53384727,145.9179314,113.0598408,129.271124,128.5770054,10
599,IMG_600,0.011001365,97.14574801,148.7945876,121.554747,136.234997,130.5694718,10
